timeStamp,elapsed,label,responseCode,responseMessage,threadName,dataType,success,failureMessage,bytes,sentBytes,grpThreads,allThreads,URL,Latency,IdleTime,Connect
1542229936120,1172,BeanShell Sampler,200,OK,Thread Group 1-1,text,true,,0,0,12,12,null,0,0,0
1542229936233,1138,BeanShell Sampler,200,OK,Thread Group 1-2,text,true,,0,0,12,12,null,0,0,0
1542229936362,1136,BeanShell Sampler,200,OK,Thread Group 1-3,text,true,,0,0,14,14,null,0,0,0
1542229936444,1139,BeanShell Sampler,200,OK,Thread Group 1-4,text,true,,0,0,14,14,null,0,0,0
1542229936548,1138,BeanShell Sampler,200,OK,Thread Group 1-5,text,true,,0,0,15,15,null,0,0,0
1542229936651,1139,BeanShell Sampler,200,OK,Thread Group 1-6,text,true,,0,0,16,16,null,0,0,0
1542229936756,1137,BeanShell Sampler,200,OK,Thread Group 1-7,text,true,,0,0,17,17,null,0,0,0
1542229936860,1137,BeanShell Sampler,200,OK,Thread Group 1-8,text,true,,0,0,18,18,null,0,0,0
1542229936963,1136,BeanShell Sampler,200,OK,Thread Group 1-9,text,true,,0,0,19,19,null,0,0,0
1542229937067,1128,BeanShell Sampler,200,OK,Thread Group 1-10,text,true,,0,0,20,20,null,0,0,0
1542229937170,1137,BeanShell Sampler,200,OK,Thread Group 1-11,text,true,,0,0,21,21,null,0,0,0
1542229937275,1137,BeanShell Sampler,200,OK,Thread Group 1-12,text,true,,0,0,22,22,null,0,0,0
1542229937293,1132,BeanShell Sampler,200,OK,Thread Group 1-1,text,true,,0,0,22,22,null,0,0,0
1542229937371,1139,BeanShell Sampler,200,OK,Thread Group 1-2,text,true,,0,0,23,23,null,0,0,0
1542229937377,1147,BeanShell Sampler,200,OK,Thread Group 1-13,text,true,,0,0,23,23,null,0,0,0
1542229937482,1137,BeanShell Sampler,200,OK,Thread Group 1-14,text,true,,0,0,24,24,null,0,0,0
1542229937498,1134,BeanShell Sampler,200,OK,Thread Group 1-3,text,true,,0,0,24,24,null,0,0,0
1542229937583,1136,BeanShell Sampler,200,OK,Thread Group 1-4,text,true,,0,0,25,25,null,0,0,0
1542229937606,1137,BeanShell Sampler,200,OK,Thread Group 1-15,text,true,,0,0,26,26,null,0,0,0
1542229937686,1127,BeanShell Sampler,200,OK,Thread Group 1-5,text,true,,0,0,26,26,null,0,0,0
1542229937706,1138,BeanShell Sampler,200,OK,Thread Group 1-16,text,true,,0,0,27,27,null,0,0,0
1542229937790,1139,BeanShell Sampler,200,OK,Thread Group 1-6,text,true,,0,0,27,27,null,0,0,0
1542229937806,1135,BeanShell Sampler,200,OK,Thread Group 1-17,text,true,,0,0,27,27,null,0,0,0
1542229937893,1127,BeanShell Sampler,200,OK,Thread Group 1-7,text,true,,0,0,28,28,null,0,0,0
1542229937907,1135,BeanShell Sampler,200,OK,Thread Group 1-18,text,true,,0,0,28,28,null,0,0,0
1542229937997,1139,BeanShell Sampler,200,OK,Thread Group 1-8,text,true,,0,0,29,29,null,0,0,0
1542229938009,1140,BeanShell Sampler,200,OK,Thread Group 1-19,text,true,,0,0,29,29,null,0,0,0
1542229938099,1137,BeanShell Sampler,200,OK,Thread Group 1-9,text,true,,0,0,30,30,null,0,0,0
1542229938113,1136,BeanShell Sampler,200,OK,Thread Group 1-20,text,true,,0,0,30,30,null,0,0,0
1542229938195,1139,BeanShell Sampler,200,OK,Thread Group 1-10,text,true,,0,0,31,31,null,0,0,0
1542229938222,1133,BeanShell Sampler,200,OK,Thread Group 1-21,text,true,,0,0,31,31,null,0,0,0
1542229938307,1136,BeanShell Sampler,200,OK,Thread Group 1-11,text,true,,0,0,32,32,null,0,0,0
1542229938323,1133,BeanShell Sampler,200,OK,Thread Group 1-22,text,true,,0,0,32,32,null,0,0,0
1542229938413,1130,BeanShell Sampler,200,OK,Thread Group 1-12,text,true,,0,0,33,33,null,0,0,0
1542229938425,1132,BeanShell Sampler,200,OK,Thread Group 1-1,text,true,,0,0,33,33,null,0,0,0
1542229938437,1138,BeanShell Sampler,200,OK,Thread Group 1-23,text,true,,0,0,34,34,null,0,0,0
1542229938510,1141,BeanShell Sampler,200,OK,Thread Group 1-2,text,true,,0,0,34,34,null,0,0,0
1542229938524,1140,BeanShell Sampler,200,OK,Thread Group 1-13,text,true,,0,0,34,34,null,0,0,0
1542229938538,1139,BeanShell Sampler,200,OK,Thread Group 1-24,text,true,,0,0,35,35,null,0,0,0
1542229938632,1135,BeanShell Sampler,200,OK,Thread Group 1-3,text,true,,0,0,35,35,null,0,0,0
1542229938637,1143,BeanShell Sampler,200,OK,Thread Group 1-25,text,true,,0,0,36,36,null,0,0,0
1542229938619,1175,BeanShell Sampler,200,OK,Thread Group 1-14,text,true,,0,0,36,36,null,0,0,0
1542229938720,1136,BeanShell Sampler,200,OK,Thread Group 1-4,text,true,,0,0,36,36,null,0,0,0
1542229938739,1137,BeanShell Sampler,200,OK,Thread Group 1-26,text,true,,0,0,36,36,null,0,0,0
1542229938743,1148,BeanShell Sampler,200,OK,Thread Group 1-15,text,true,,0,0,37,37,null,0,0,0
1542229938813,1295,BeanShell Sampler,200,OK,Thread Group 1-5,text,true,,0,0,39,39,null,0,0,0
1542229938946,1173,BeanShell Sampler,200,OK,Thread Group 1-28,text,true,,0,0,39,39,null,0,0,0
1542229938942,1225,BeanShell Sampler,200,OK,Thread Group 1-17,text,true,,0,0,39,39,null,0,0,0
1542229938929,1247,BeanShell Sampler,200,OK,Thread Group 1-6,text,true,,0,0,39,39,null,0,0,0
1542229938843,1347,BeanShell Sampler,200,OK,Thread Group 1-27,text,true,,0,0,39,39,null,0,0,0
1542229938844,1360,BeanShell Sampler,200,OK,Thread Group 1-16,text,true,,0,0,40,40,null,0,0,0
1542229939049,1173,BeanShell Sampler,200,OK,Thread Group 1-29,text,true,,0,0,40,40,null,0,0,0
1542229939042,1192,BeanShell Sampler,200,OK,Thread Group 1-18,text,true,,0,0,40,40,null,0,0,0
1542229939021,1228,BeanShell Sampler,200,OK,Thread Group 1-7,text,true,,0,0,40,40,null,0,0,0
1542229939136,1135,BeanShell Sampler,200,OK,Thread Group 1-8,text,true,,0,0,40,40,null,0,0,0
1542229939149,1136,BeanShell Sampler,200,OK,Thread Group 1-19,text,true,,0,0,40,40,null,0,0,0
1542229939152,1147,BeanShell Sampler,200,OK,Thread Group 1-30,text,true,,0,0,40,40,null,0,0,0
1542229939236,1136,BeanShell Sampler,200,OK,Thread Group 1-9,text,true,,0,0,41,41,null,0,0,0
1542229939249,1136,BeanShell Sampler,200,OK,Thread Group 1-20,text,true,,0,0,41,41,null,0,0,0
1542229939256,1141,BeanShell Sampler,200,OK,Thread Group 1-31,text,true,,0,0,41,41,null,0,0,0
1542229939335,1136,BeanShell Sampler,200,OK,Thread Group 1-10,text,true,,0,0,42,42,null,0,0,0
1542229939355,1134,BeanShell Sampler,200,OK,Thread Group 1-21,text,true,,0,0,42,42,null,0,0,0
1542229939363,1144,BeanShell Sampler,200,OK,Thread Group 1-32,text,true,,0,0,42,42,null,0,0,0
1542229939443,1138,BeanShell Sampler,200,OK,Thread Group 1-11,text,true,,0,0,43,43,null,0,0,0
1542229939456,1139,BeanShell Sampler,200,OK,Thread Group 1-22,text,true,,0,0,43,43,null,0,0,0
1542229939464,1142,BeanShell Sampler,200,OK,Thread Group 1-33,text,true,,0,0,43,43,null,0,0,0
1542229939543,1137,BeanShell Sampler,200,OK,Thread Group 1-12,text,true,,0,0,44,44,null,0,0,0
1542229939557,1131,BeanShell Sampler,200,OK,Thread Group 1-1,text,true,,0,0,44,44,null,0,0,0
1542229939567,1139,BeanShell Sampler,200,OK,Thread Group 1-34,text,true,,0,0,44,44,null,0,0,0
1542229939575,1142,BeanShell Sampler,200,OK,Thread Group 1-23,text,true,,0,0,44,44,null,0,0,0
1542229939651,1154,BeanShell Sampler,200,OK,Thread Group 1-2,text,true,,0,0,45,45,null,0,0,0
1542229939678,1134,BeanShell Sampler,200,OK,Thread Group 1-24,text,true,,0,0,45,45,null,0,0,0
1542229939671,1159,BeanShell Sampler,200,OK,Thread Group 1-35,text,true,,0,0,45,45,null,0,0,0
1542229939665,1177,BeanShell Sampler,200,OK,Thread Group 1-13,text,true,,0,0,45,45,null,0,0,0
1542229939767,1133,BeanShell Sampler,200,OK,Thread Group 1-3,text,true,,0,0,46,46,null,0,0,0
1542229939781,1132,BeanShell Sampler,200,OK,Thread Group 1-25,text,true,,0,0,46,46,null,0,0,0
1542229939773,1152,BeanShell Sampler,200,OK,Thread Group 1-36,text,true,,0,0,46,46,null,0,0,0
1542229939794,1144,BeanShell Sampler,200,OK,Thread Group 1-14,text,true,,0,0,46,46,null,0,0,0
1542229939856,1135,BeanShell Sampler,200,OK,Thread Group 1-4,text,true,,0,0,47,47,null,0,0,0
1542229939877,1130,BeanShell Sampler,200,OK,Thread Group 1-37,text,true,,0,0,47,47,null,0,0,0
1542229939876,1144,BeanShell Sampler,200,OK,Thread Group 1-26,text,true,,0,0,47,47,null,0,0,0
1542229939892,1140,BeanShell Sampler,200,OK,Thread Group 1-15,text,true,,0,0,47,47,null,0,0,0
1542229939986,1139,BeanShell Sampler,200,OK,Thread Group 1-38,text,true,,0,0,48,48,null,0,0,0
1542229940086,1137,BeanShell Sampler,200,OK,Thread Group 1-39,text,true,,0,0,49,49,null,0,0,0
1542229940108,1144,BeanShell Sampler,200,OK,Thread Group 1-5,text,true,,0,0,49,49,null,0,0,0
1542229940119,1144,BeanShell Sampler,200,OK,Thread Group 1-28,text,true,,0,0,49,49,null,0,0,0
1542229940170,1138,BeanShell Sampler,200,OK,Thread Group 1-17,text,true,,0,0,50,50,null,0,0,0
1542229940176,1145,BeanShell Sampler,200,OK,Thread Group 1-6,text,true,,0,0,50,50,null,0,0,0
1542229940190,1145,BeanShell Sampler,200,OK,Thread Group 1-27,text,true,,0,0,50,50,null,0,0,0
1542229940191,1156,BeanShell Sampler,200,OK,Thread Group 1-40,text,true,,0,0,50,50,null,0,0,0
1542229940222,1144,BeanShell Sampler,200,OK,Thread Group 1-29,text,true,,0,0,50,50,null,0,0,0
1542229940204,1175,BeanShell Sampler,200,OK,Thread Group 1-16,text,true,,0,0,50,50,null,0,0,0
1542229940249,1142,BeanShell Sampler,200,OK,Thread Group 1-7,text,true,,0,0,50,50,null,0,0,0
1542229940235,1178,BeanShell Sampler,200,OK,Thread Group 1-18,text,true,,0,0,51,51,null,0,0,0
1542229940285,1141,BeanShell Sampler,200,OK,Thread Group 1-19,text,true,,0,0,51,51,null,0,0,0
1542229940271,1168,BeanShell Sampler,200,OK,Thread Group 1-8,text,true,,0,0,51,51,null,0,0,0
1542229940299,1152,BeanShell Sampler,200,OK,Thread Group 1-30,text,true,,0,0,51,51,null,0,0,0
1542229940328,1135,BeanShell Sampler,200,OK,Thread Group 1-41,text,true,,0,0,51,51,null,0,0,0
1542229940372,1139,BeanShell Sampler,200,OK,Thread Group 1-9,text,true,,0,0,52,52,null,0,0,0
1542229940385,1137,BeanShell Sampler,200,OK,Thread Group 1-20,text,true,,0,0,52,52,null,0,0,0
1542229940397,1138,BeanShell Sampler,200,OK,Thread Group 1-31,text,true,,0,0,52,52,null,0,0,0
1542229940461,1139,BeanShell Sampler,200,OK,Thread Group 1-42,text,true,,0,0,52,52,null,0,0,0
1542229940471,1143,BeanShell Sampler,200,OK,Thread Group 1-10,text,true,,0,0,53,53,null,0,0,0
1542229940489,1137,BeanShell Sampler,200,OK,Thread Group 1-21,text,true,,0,0,53,53,null,0,0,0
1542229940507,1131,BeanShell Sampler,200,OK,Thread Group 1-32,text,true,,0,0,53,53,null,0,0,0
1542229940561,1132,BeanShell Sampler,200,OK,Thread Group 1-43,text,true,,0,0,53,53,null,0,0,0
1542229940581,1137,BeanShell Sampler,200,OK,Thread Group 1-11,text,true,,0,0,54,54,null,0,0,0
1542229940595,1131,BeanShell Sampler,200,OK,Thread Group 1-22,text,true,,0,0,54,54,null,0,0,0
1542229940606,1132,BeanShell Sampler,200,OK,Thread Group 1-33,text,true,,0,0,54,54,null,0,0,0
1542229940661,1127,BeanShell Sampler,200,OK,Thread Group 1-44,text,true,,0,0,54,54,null,0,0,0
1542229940680,1138,BeanShell Sampler,200,OK,Thread Group 1-12,text,true,,0,0,55,55,null,0,0,0
1542229940688,1143,BeanShell Sampler,200,OK,Thread Group 1-1,text,true,,0,0,55,55,null,0,0,0
1542229940707,1138,BeanShell Sampler,200,OK,Thread Group 1-34,text,true,,0,0,55,55,null,0,0,0
1542229940717,1140,BeanShell Sampler,200,OK,Thread Group 1-23,text,true,,0,0,55,55,null,0,0,0
1542229940765,1136,BeanShell Sampler,200,OK,Thread Group 1-45,text,true,,0,0,55,55,null,0,0,0
1542229940805,1140,BeanShell Sampler,200,OK,Thread Group 1-2,text,true,,0,0,56,56,null,0,0,0
1542229940812,1145,BeanShell Sampler,200,OK,Thread Group 1-24,text,true,,0,0,56,56,null,0,0,0
1542229940830,1146,BeanShell Sampler,200,OK,Thread Group 1-35,text,true,,0,0,56,56,null,0,0,0
1542229940842,1150,BeanShell Sampler,200,OK,Thread Group 1-13,text,true,,0,0,56,56,null,0,0,0
1542229940882,1135,BeanShell Sampler,200,OK,Thread Group 1-46,text,true,,0,0,57,57,null,0,0,0
1542229940900,1132,BeanShell Sampler,200,OK,Thread Group 1-3,text,true,,0,0,57,57,null,0,0,0
1542229940914,1127,BeanShell Sampler,200,OK,Thread Group 1-25,text,true,,0,0,57,57,null,0,0,0
1542229940925,1135,BeanShell Sampler,200,OK,Thread Group 1-36,text,true,,0,0,57,57,null,0,0,0
1542229940938,1130,BeanShell Sampler,200,OK,Thread Group 1-14,text,true,,0,0,57,57,null,0,0,0
1542229940982,1139,BeanShell Sampler,200,OK,Thread Group 1-47,text,true,,0,0,58,58,null,0,0,0
1542229940991,1138,BeanShell Sampler,200,OK,Thread Group 1-4,text,true,,0,0,58,58,null,0,0,0
1542229941007,1128,BeanShell Sampler,200,OK,Thread Group 1-37,text,true,,0,0,58,58,null,0,0,0
1542229941020,1139,BeanShell Sampler,200,OK,Thread Group 1-26,text,true,,0,0,58,58,null,0,0,0
1542229941032,1133,BeanShell Sampler,200,OK,Thread Group 1-15,text,true,,0,0,58,58,null,0,0,0
1542229941081,1132,BeanShell Sampler,200,OK,Thread Group 1-48,text,true,,0,0,59,59,null,0,0,0
1542229941125,1131,BeanShell Sampler,200,OK,Thread Group 1-38,text,true,,0,0,59,59,null,0,0,0
1542229941181,1128,BeanShell Sampler,200,OK,Thread Group 1-49,text,true,,0,0,59,59,null,0,0,0
1542229941223,1127,BeanShell Sampler,200,OK,Thread Group 1-39,text,true,,0,0,60,60,null,0,0,0
1542229941251,1129,BeanShell Sampler,200,OK,Thread Group 1-5,text,true,,0,0,60,60,null,0,0,0
1542229941263,1127,BeanShell Sampler,200,OK,Thread Group 1-28,text,true,,0,0,60,60,null,0,0,0
1542229941298,1130,BeanShell Sampler,200,OK,Thread Group 1-50,text,true,,0,0,61,61,null,0,0,0
1542229941307,1129,BeanShell Sampler,200,OK,Thread Group 1-17,text,true,,0,0,61,61,null,0,0,0
1542229941320,1126,BeanShell Sampler,200,OK,Thread Group 1-6,text,true,,0,0,61,61,null,0,0,0
1542229941334,1132,BeanShell Sampler,200,OK,Thread Group 1-27,text,true,,0,0,61,61,null,0,0,0
1542229941346,1132,BeanShell Sampler,200,OK,Thread Group 1-40,text,true,,0,0,61,61,null,0,0,0
1542229941367,1136,BeanShell Sampler,200,OK,Thread Group 1-29,text,true,,0,0,61,61,null,0,0,0
1542229941378,1133,BeanShell Sampler,200,OK,Thread Group 1-16,text,true,,0,0,61,61,null,0,0,0
1542229941390,1129,BeanShell Sampler,200,OK,Thread Group 1-7,text,true,,0,0,62,62,null,0,0,0
1542229941397,1129,BeanShell Sampler,200,OK,Thread Group 1-51,text,true,,0,0,62,62,null,0,0,0
1542229941412,1131,BeanShell Sampler,200,OK,Thread Group 1-18,text,true,,0,0,62,62,null,0,0,0
1542229941426,1132,BeanShell Sampler,200,OK,Thread Group 1-19,text,true,,0,0,62,62,null,0,0,0
1542229941438,1129,BeanShell Sampler,200,OK,Thread Group 1-8,text,true,,0,0,62,62,null,0,0,0
1542229941450,1129,BeanShell Sampler,200,OK,Thread Group 1-30,text,true,,0,0,62,62,null,0,0,0
1542229941463,1129,BeanShell Sampler,200,OK,Thread Group 1-41,text,true,,0,0,62,62,null,0,0,0
1542229941498,1131,BeanShell Sampler,200,OK,Thread Group 1-52,text,true,,0,0,63,63,null,0,0,0
1542229941510,1129,BeanShell Sampler,200,OK,Thread Group 1-9,text,true,,0,0,63,63,null,0,0,0
1542229941522,1132,BeanShell Sampler,200,OK,Thread Group 1-20,text,true,,0,0,63,63,null,0,0,0
1542229941534,1129,BeanShell Sampler,200,OK,Thread Group 1-31,text,true,,0,0,63,63,null,0,0,0
1542229941599,1133,BeanShell Sampler,200,OK,Thread Group 1-42,text,true,,0,0,64,64,null,0,0,0
1542229941613,1126,BeanShell Sampler,200,OK,Thread Group 1-10,text,true,,0,0,64,64,null,0,0,0
1542229941605,1143,BeanShell Sampler,200,OK,Thread Group 1-53,text,true,,0,0,64,64,null,0,0,0
1542229941625,1129,BeanShell Sampler,200,OK,Thread Group 1-21,text,true,,0,0,64,64,null,0,0,0
1542229941637,1135,BeanShell Sampler,200,OK,Thread Group 1-32,text,true,,0,0,64,64,null,0,0,0
1542229941692,1129,BeanShell Sampler,200,OK,Thread Group 1-43,text,true,,0,0,65,65,null,0,0,0
1542229941703,1133,BeanShell Sampler,200,OK,Thread Group 1-54,text,true,,0,0,65,65,null,0,0,0
1542229941717,1126,BeanShell Sampler,200,OK,Thread Group 1-11,text,true,,0,0,65,65,null,0,0,0
1542229941725,1128,BeanShell Sampler,200,OK,Thread Group 1-22,text,true,,0,0,65,65,null,0,0,0
1542229941737,1138,BeanShell Sampler,200,OK,Thread Group 1-33,text,true,,0,0,65,65,null,0,0,0
1542229941787,1137,BeanShell Sampler,200,OK,Thread Group 1-44,text,true,,0,0,66,66,null,0,0,0
1542229941804,1129,BeanShell Sampler,200,OK,Thread Group 1-55,text,true,,0,0,66,66,null,0,0,0
1542229941817,1137,BeanShell Sampler,200,OK,Thread Group 1-12,text,true,,0,0,66,66,null,0,0,0
1542229941830,1133,BeanShell Sampler,200,OK,Thread Group 1-1,text,true,,0,0,66,66,null,0,0,0
1542229941845,1131,BeanShell Sampler,200,OK,Thread Group 1-34,text,true,,0,0,66,66,null,0,0,0
1542229941857,1134,BeanShell Sampler,200,OK,Thread Group 1-23,text,true,,0,0,66,66,null,0,0,0
1542229941900,1126,BeanShell Sampler,200,OK,Thread Group 1-45,text,true,,0,0,67,67,null,0,0,0
1542229941910,1129,BeanShell Sampler,200,OK,Thread Group 1-56,text,true,,0,0,67,67,null,0,0,0
1542229941944,1132,BeanShell Sampler,200,OK,Thread Group 1-2,text,true,,0,0,67,67,null,0,0,0
1542229941956,1129,BeanShell Sampler,200,OK,Thread Group 1-24,text,true,,0,0,67,67,null,0,0,0
1542229941975,1134,BeanShell Sampler,200,OK,Thread Group 1-35,text,true,,0,0,67,67,null,0,0,0
1542229941991,1126,BeanShell Sampler,200,OK,Thread Group 1-13,text,true,,0,0,67,67,null,0,0,0
1542229942012,1130,BeanShell Sampler,200,OK,Thread Group 1-57,text,true,,0,0,68,68,null,0,0,0
1542229942016,1132,BeanShell Sampler,200,OK,Thread Group 1-46,text,true,,0,0,68,68,null,0,0,0
1542229942031,1130,BeanShell Sampler,200,OK,Thread Group 1-3,text,true,,0,0,68,68,null,0,0,0
1542229942040,1127,BeanShell Sampler,200,OK,Thread Group 1-25,text,true,,0,0,68,68,null,0,0,0
1542229942059,1129,BeanShell Sampler,200,OK,Thread Group 1-36,text,true,,0,0,68,68,null,0,0,0
1542229942067,1130,BeanShell Sampler,200,OK,Thread Group 1-14,text,true,,0,0,68,68,null,0,0,0
1542229942109,1134,BeanShell Sampler,200,OK,Thread Group 1-58,text,true,,0,0,69,69,null,0,0,0
1542229942121,1129,BeanShell Sampler,200,OK,Thread Group 1-47,text,true,,0,0,69,69,null,0,0,0
1542229942128,1128,BeanShell Sampler,200,OK,Thread Group 1-4,text,true,,0,0,69,69,null,0,0,0
1542229942134,1129,BeanShell Sampler,200,OK,Thread Group 1-37,text,true,,0,0,69,69,null,0,0,0
1542229942159,1135,BeanShell Sampler,200,OK,Thread Group 1-26,text,true,,0,0,69,69,null,0,0,0
1542229942164,1139,BeanShell Sampler,200,OK,Thread Group 1-15,text,true,,0,0,69,69,null,0,0,0
1542229942212,1129,BeanShell Sampler,200,OK,Thread Group 1-48,text,true,,0,0,70,70,null,0,0,0
1542229942210,1137,BeanShell Sampler,200,OK,Thread Group 1-59,text,true,,0,0,70,70,null,0,0,0
1542229942255,1133,BeanShell Sampler,200,OK,Thread Group 1-38,text,true,,0,0,70,70,null,0,0,0
1542229942310,1127,BeanShell Sampler,200,OK,Thread Group 1-60,text,true,,0,0,71,71,null,0,0,0
1542229942309,1134,BeanShell Sampler,200,OK,Thread Group 1-49,text,true,,0,0,71,71,null,0,0,0
1542229942350,1129,BeanShell Sampler,200,OK,Thread Group 1-39,text,true,,0,0,71,71,null,0,0,0
1542229942380,1130,BeanShell Sampler,200,OK,Thread Group 1-5,text,true,,0,0,71,71,null,0,0,0
1542229942390,1127,BeanShell Sampler,200,OK,Thread Group 1-28,text,true,,0,0,71,71,null,0,0,0
1542229942413,1129,BeanShell Sampler,200,OK,Thread Group 1-61,text,true,,0,0,72,72,null,0,0,0
1542229942428,1131,BeanShell Sampler,200,OK,Thread Group 1-50,text,true,,0,0,72,72,null,0,0,0
1542229942436,1131,BeanShell Sampler,200,OK,Thread Group 1-17,text,true,,0,0,72,72,null,0,0,0
1542229942446,1131,BeanShell Sampler,200,OK,Thread Group 1-6,text,true,,0,0,72,72,null,0,0,0
1542229942467,1137,BeanShell Sampler,200,OK,Thread Group 1-27,text,true,,0,0,72,72,null,0,0,0
1542229942478,1133,BeanShell Sampler,200,OK,Thread Group 1-40,text,true,,0,0,72,72,null,0,0,0
1542229942512,1133,BeanShell Sampler,200,OK,Thread Group 1-62,text,true,,0,0,73,73,null,0,0,0
1542229942519,1133,BeanShell Sampler,200,OK,Thread Group 1-7,text,true,,0,0,73,73,null,0,0,0
1542229942504,1156,BeanShell Sampler,200,OK,Thread Group 1-29,text,true,,0,0,73,73,null,0,0,0
1542229942511,1155,BeanShell Sampler,200,OK,Thread Group 1-16,text,true,,0,0,73,73,null,0,0,0
1542229942543,1130,BeanShell Sampler,200,OK,Thread Group 1-18,text,true,,0,0,73,73,null,0,0,0
1542229942526,1155,BeanShell Sampler,200,OK,Thread Group 1-51,text,true,,0,0,73,73,null,0,0,0
1542229942558,1131,BeanShell Sampler,200,OK,Thread Group 1-19,text,true,,0,0,73,73,null,0,0,0
1542229942567,1132,BeanShell Sampler,200,OK,Thread Group 1-8,text,true,,0,0,73,73,null,0,0,0
1542229942580,1126,BeanShell Sampler,200,OK,Thread Group 1-30,text,true,,0,0,73,73,null,0,0,0
1542229942592,1131,BeanShell Sampler,200,OK,Thread Group 1-41,text,true,,0,0,73,73,null,0,0,0
1542229942611,1128,BeanShell Sampler,200,OK,Thread Group 1-63,text,true,,0,0,74,74,null,0,0,0
1542229942629,1129,BeanShell Sampler,200,OK,Thread Group 1-52,text,true,,0,0,74,74,null,0,0,0
1542229942639,1129,BeanShell Sampler,200,OK,Thread Group 1-9,text,true,,0,0,74,74,null,0,0,0
1542229942654,1128,BeanShell Sampler,200,OK,Thread Group 1-20,text,true,,0,0,74,74,null,0,0,0
1542229942663,1130,BeanShell Sampler,200,OK,Thread Group 1-31,text,true,,0,0,74,74,null,0,0,0
1542229942713,1131,BeanShell Sampler,200,OK,Thread Group 1-64,text,true,,0,0,75,75,null,0,0,0
1542229942732,1139,BeanShell Sampler,200,OK,Thread Group 1-42,text,true,,0,0,75,75,null,0,0,0
1542229942748,1130,BeanShell Sampler,200,OK,Thread Group 1-53,text,true,,0,0,75,75,null,0,0,0
1542229942739,1145,BeanShell Sampler,200,OK,Thread Group 1-10,text,true,,0,0,75,75,null,0,0,0
1542229942755,1135,BeanShell Sampler,200,OK,Thread Group 1-21,text,true,,0,0,75,75,null,0,0,0
1542229942773,1127,BeanShell Sampler,200,OK,Thread Group 1-32,text,true,,0,0,75,75,null,0,0,0
1542229942815,1128,BeanShell Sampler,200,OK,Thread Group 1-65,text,true,,0,0,75,75,null,0,0,0
1542229942821,1137,BeanShell Sampler,200,OK,Thread Group 1-43,text,true,,0,0,76,76,null,0,0,0
1542229942836,1131,BeanShell Sampler,200,OK,Thread Group 1-54,text,true,,0,0,76,76,null,0,0,0
1542229942843,1134,BeanShell Sampler,200,OK,Thread Group 1-11,text,true,,0,0,76,76,null,0,0,0
1542229942853,1132,BeanShell Sampler,200,OK,Thread Group 1-22,text,true,,0,0,76,76,null,0,0,0
1542229942875,1130,BeanShell Sampler,200,OK,Thread Group 1-33,text,true,,0,0,76,76,null,0,0,0
1542229942915,1129,BeanShell Sampler,200,OK,Thread Group 1-66,text,true,,0,0,76,76,null,0,0,0
1542229942924,1127,BeanShell Sampler,200,OK,Thread Group 1-44,text,true,,0,0,77,77,null,0,0,0
1542229942933,1139,BeanShell Sampler,200,OK,Thread Group 1-55,text,true,,0,0,77,77,null,0,0,0
1542229942954,1126,BeanShell Sampler,200,OK,Thread Group 1-12,text,true,,0,0,77,77,null,0,0,0
1542229942963,1132,BeanShell Sampler,200,OK,Thread Group 1-1,text,true,,0,0,77,77,null,0,0,0
1542229942976,1125,BeanShell Sampler,200,OK,Thread Group 1-34,text,true,,0,0,77,77,null,0,0,0
1542229942991,1130,BeanShell Sampler,200,OK,Thread Group 1-23,text,true,,0,0,77,77,null,0,0,0
1542229943018,1127,BeanShell Sampler,200,OK,Thread Group 1-67,text,true,,0,0,77,77,null,0,0,0
1542229943026,1127,BeanShell Sampler,200,OK,Thread Group 1-45,text,true,,0,0,77,77,null,0,0,0
1542229943039,1130,BeanShell Sampler,200,OK,Thread Group 1-56,text,true,,0,0,78,78,null,0,0,0
1542229943076,1132,BeanShell Sampler,200,OK,Thread Group 1-2,text,true,,0,0,78,78,null,0,0,0
1542229943085,1130,BeanShell Sampler,200,OK,Thread Group 1-24,text,true,,0,0,78,78,null,0,0,0
1542229943109,1131,BeanShell Sampler,200,OK,Thread Group 1-35,text,true,,0,0,78,78,null,0,0,0
1542229943117,1130,BeanShell Sampler,200,OK,Thread Group 1-13,text,true,,0,0,78,78,null,0,0,0
1542229943120,1134,BeanShell Sampler,200,OK,Thread Group 1-68,text,true,,0,0,78,78,null,0,0,0
1542229943142,1130,BeanShell Sampler,200,OK,Thread Group 1-57,text,true,,0,0,79,79,null,0,0,0
1542229943148,1131,BeanShell Sampler,200,OK,Thread Group 1-46,text,true,,0,0,79,79,null,0,0,0
1542229943161,1126,BeanShell Sampler,200,OK,Thread Group 1-3,text,true,,0,0,79,79,null,0,0,0
1542229943167,1128,BeanShell Sampler,200,OK,Thread Group 1-25,text,true,,0,0,79,79,null,0,0,0
1542229943188,1130,BeanShell Sampler,200,OK,Thread Group 1-36,text,true,,0,0,79,79,null,0,0,0
1542229943197,1128,BeanShell Sampler,200,OK,Thread Group 1-14,text,true,,0,0,79,79,null,0,0,0
1542229943224,1127,BeanShell Sampler,200,OK,Thread Group 1-69,text,true,,0,0,79,79,null,0,0,0
1542229943243,1130,BeanShell Sampler,200,OK,Thread Group 1-58,text,true,,0,0,80,80,null,0,0,0
1542229943250,1130,BeanShell Sampler,200,OK,Thread Group 1-47,text,true,,0,0,80,80,null,0,0,0
1542229943256,1131,BeanShell Sampler,200,OK,Thread Group 1-4,text,true,,0,0,80,80,null,0,0,0
1542229943263,1131,BeanShell Sampler,200,OK,Thread Group 1-37,text,true,,0,0,80,80,null,0,0,0
1542229943294,1127,BeanShell Sampler,200,OK,Thread Group 1-26,text,true,,0,0,80,80,null,0,0,0
1542229943303,1136,BeanShell Sampler,200,OK,Thread Group 1-15,text,true,,0,0,80,80,null,0,0,0
1542229943326,1130,BeanShell Sampler,200,OK,Thread Group 1-70,text,true,,0,0,80,80,null,0,0,0
1542229943341,1127,BeanShell Sampler,200,OK,Thread Group 1-48,text,true,,0,0,80,80,null,0,0,0
1542229943347,1139,BeanShell Sampler,200,OK,Thread Group 1-59,text,true,,0,0,81,81,null,0,0,0
1542229943388,1129,BeanShell Sampler,200,OK,Thread Group 1-38,text,true,,0,0,81,81,null,0,0,0
1542229943430,1130,BeanShell Sampler,200,OK,Thread Group 1-71,text,true,,0,0,81,81,null,0,0,0
1542229943437,1130,BeanShell Sampler,200,OK,Thread Group 1-60,text,true,,0,0,81,81,null,0,0,0
1542229943443,1133,BeanShell Sampler,200,OK,Thread Group 1-49,text,true,,0,0,82,82,null,0,0,0
1542229943479,1131,BeanShell Sampler,200,OK,Thread Group 1-39,text,true,,0,0,82,82,null,0,0,0
1542229943510,1130,BeanShell Sampler,200,OK,Thread Group 1-5,text,true,,0,0,82,82,null,0,0,0
1542229943517,1130,BeanShell Sampler,200,OK,Thread Group 1-28,text,true,,0,0,82,82,null,0,0,0
1542229943534,1131,BeanShell Sampler,200,OK,Thread Group 1-72,text,true,,0,0,82,82,null,0,0,0
1542229943542,1132,BeanShell Sampler,200,OK,Thread Group 1-61,text,true,,0,0,83,83,null,0,0,0
1542229943559,1130,BeanShell Sampler,200,OK,Thread Group 1-50,text,true,,0,0,83,83,null,0,0,0
1542229943567,1130,BeanShell Sampler,200,OK,Thread Group 1-17,text,true,,0,0,83,83,null,0,0,0
1542229943577,1127,BeanShell Sampler,200,OK,Thread Group 1-6,text,true,,0,0,83,83,null,0,0,0
1542229943604,1129,BeanShell Sampler,200,OK,Thread Group 1-27,text,true,,0,0,83,83,null,0,0,0
1542229943612,1127,BeanShell Sampler,200,OK,Thread Group 1-40,text,true,,0,0,83,83,null,0,0,0
1542229943637,1130,BeanShell Sampler,200,OK,Thread Group 1-73,text,true,,0,0,83,83,null,0,0,0
1542229943645,1129,BeanShell Sampler,200,OK,Thread Group 1-62,text,true,,0,0,83,83,null,0,0,0
1542229943660,1130,BeanShell Sampler,200,OK,Thread Group 1-29,text,true,,0,0,84,84,null,0,0,0
1542229943652,1145,BeanShell Sampler,200,OK,Thread Group 1-7,text,true,,0,0,84,84,null,0,0,0
1542229943673,1132,BeanShell Sampler,200,OK,Thread Group 1-18,text,true,,0,0,84,84,null,0,0,0
1542229943666,1146,BeanShell Sampler,200,OK,Thread Group 1-16,text,true,,0,0,84,84,null,0,0,0
1542229943689,1130,BeanShell Sampler,200,OK,Thread Group 1-19,text,true,,0,0,84,84,null,0,0,0
1542229943682,1144,BeanShell Sampler,200,OK,Thread Group 1-51,text,true,,0,0,84,84,null,0,0,0
1542229943699,1134,BeanShell Sampler,200,OK,Thread Group 1-8,text,true,,0,0,84,84,null,0,0,0
1542229943706,1135,BeanShell Sampler,200,OK,Thread Group 1-30,text,true,,0,0,84,84,null,0,0,0
1542229943723,1133,BeanShell Sampler,200,OK,Thread Group 1-41,text,true,,0,0,84,84,null,0,0,0
1542229943739,1129,BeanShell Sampler,200,OK,Thread Group 1-74,text,true,,0,0,84,84,null,0,0,0
1542229943740,1134,BeanShell Sampler,200,OK,Thread Group 1-63,text,true,,0,0,84,84,null,0,0,0
1542229943758,1131,BeanShell Sampler,200,OK,Thread Group 1-52,text,true,,0,0,85,85,null,0,0,0
1542229943768,1129,BeanShell Sampler,200,OK,Thread Group 1-9,text,true,,0,0,85,85,null,0,0,0
1542229943782,1128,BeanShell Sampler,200,OK,Thread Group 1-20,text,true,,0,0,85,85,null,0,0,0
1542229943793,1129,BeanShell Sampler,200,OK,Thread Group 1-31,text,true,,0,0,85,85,null,0,0,0
1542229943843,1130,BeanShell Sampler,200,OK,Thread Group 1-75,text,true,,0,0,85,85,null,0,0,0
1542229943845,1134,BeanShell Sampler,200,OK,Thread Group 1-64,text,true,,0,0,85,85,null,0,0,0
1542229943871,1132,BeanShell Sampler,200,OK,Thread Group 1-42,text,true,,0,0,86,86,null,0,0,0
1542229943878,1134,BeanShell Sampler,200,OK,Thread Group 1-53,text,true,,0,0,86,86,null,0,0,0
1542229943890,1128,BeanShell Sampler,200,OK,Thread Group 1-21,text,true,,0,0,86,86,null,0,0,0
1542229943884,1140,BeanShell Sampler,200,OK,Thread Group 1-10,text,true,,0,0,86,86,null,0,0,0
1542229943900,1131,BeanShell Sampler,200,OK,Thread Group 1-32,text,true,,0,0,86,86,null,0,0,0
1542229943943,1134,BeanShell Sampler,200,OK,Thread Group 1-65,text,true,,0,0,86,86,null,0,0,0
1542229943948,1136,BeanShell Sampler,200,OK,Thread Group 1-76,text,true,,0,0,86,86,null,0,0,0
1542229943959,1133,BeanShell Sampler,200,OK,Thread Group 1-43,text,true,,0,0,87,87,null,0,0,0
1542229943967,1131,BeanShell Sampler,200,OK,Thread Group 1-54,text,true,,0,0,87,87,null,0,0,0
1542229943977,1128,BeanShell Sampler,200,OK,Thread Group 1-11,text,true,,0,0,87,87,null,0,0,0
1542229943985,1129,BeanShell Sampler,200,OK,Thread Group 1-22,text,true,,0,0,87,87,null,0,0,0
1542229944005,1130,BeanShell Sampler,200,OK,Thread Group 1-33,text,true,,0,0,87,87,null,0,0,0
1542229944044,1128,BeanShell Sampler,200,OK,Thread Group 1-66,text,true,,0,0,87,87,null,0,0,0
1542229944050,1129,BeanShell Sampler,200,OK,Thread Group 1-77,text,true,,0,0,87,87,null,0,0,0
1542229944051,1135,BeanShell Sampler,200,OK,Thread Group 1-44,text,true,,0,0,87,87,null,0,0,0
1542229944072,1132,BeanShell Sampler,200,OK,Thread Group 1-55,text,true,,0,0,88,88,null,0,0,0
1542229944080,1131,BeanShell Sampler,200,OK,Thread Group 1-12,text,true,,0,0,88,88,null,0,0,0
1542229944095,1127,BeanShell Sampler,200,OK,Thread Group 1-1,text,true,,0,0,88,88,null,0,0,0
1542229944101,1128,BeanShell Sampler,200,OK,Thread Group 1-34,text,true,,0,0,88,88,null,0,0,0
1542229944121,1128,BeanShell Sampler,200,OK,Thread Group 1-23,text,true,,0,0,88,88,null,0,0,0
1542229944145,1130,BeanShell Sampler,200,OK,Thread Group 1-67,text,true,,0,0,88,88,null,0,0,0
1542229944154,1129,BeanShell Sampler,200,OK,Thread Group 1-78,text,true,,0,0,88,88,null,0,0,0
1542229944153,1137,BeanShell Sampler,200,OK,Thread Group 1-45,text,true,,0,0,88,88,null,0,0,0
1542229944169,1131,BeanShell Sampler,200,OK,Thread Group 1-56,text,true,,0,0,89,89,null,0,0,0
1542229944208,1135,BeanShell Sampler,200,OK,Thread Group 1-2,text,true,,0,0,89,89,null,0,0,0
1542229944215,1134,BeanShell Sampler,200,OK,Thread Group 1-24,text,true,,0,0,89,89,null,0,0,0
1542229944240,1130,BeanShell Sampler,200,OK,Thread Group 1-35,text,true,,0,0,89,89,null,0,0,0
1542229944247,1131,BeanShell Sampler,200,OK,Thread Group 1-13,text,true,,0,0,89,89,null,0,0,0
1542229944254,1132,BeanShell Sampler,200,OK,Thread Group 1-68,text,true,,0,0,89,89,null,0,0,0
1542229944259,1134,BeanShell Sampler,200,OK,Thread Group 1-79,text,true,,0,0,89,89,null,0,0,0
1542229944272,1128,BeanShell Sampler,200,OK,Thread Group 1-57,text,true,,0,0,90,90,null,0,0,0
1542229944280,1129,BeanShell Sampler,200,OK,Thread Group 1-46,text,true,,0,0,90,90,null,0,0,0
1542229944287,1127,BeanShell Sampler,200,OK,Thread Group 1-3,text,true,,0,0,90,90,null,0,0,0
1542229944295,1132,BeanShell Sampler,200,OK,Thread Group 1-25,text,true,,0,0,90,90,null,0,0,0
1542229944318,1128,BeanShell Sampler,200,OK,Thread Group 1-36,text,true,,0,0,90,90,null,0,0,0
1542229944325,1129,BeanShell Sampler,200,OK,Thread Group 1-14,text,true,,0,0,90,90,null,0,0,0
1542229944351,1132,BeanShell Sampler,200,OK,Thread Group 1-69,text,true,,0,0,90,90,null,0,0,0
1542229944360,1130,BeanShell Sampler,200,OK,Thread Group 1-80,text,true,,0,0,90,90,null,0,0,0
1542229944373,1124,BeanShell Sampler,200,OK,Thread Group 1-58,text,true,,0,0,90,90,null,0,0,0
1542229944380,1128,BeanShell Sampler,200,OK,Thread Group 1-47,text,true,,0,0,91,91,null,0,0,0
1542229944387,1128,BeanShell Sampler,200,OK,Thread Group 1-4,text,true,,0,0,91,91,null,0,0,0
1542229944394,1128,BeanShell Sampler,200,OK,Thread Group 1-37,text,true,,0,0,91,91,null,0,0,0
1542229944422,1128,BeanShell Sampler,200,OK,Thread Group 1-26,text,true,,0,0,91,91,null,0,0,0
1542229944439,1131,BeanShell Sampler,200,OK,Thread Group 1-15,text,true,,0,0,91,91,null,0,0,0
1542229944456,1132,BeanShell Sampler,200,OK,Thread Group 1-70,text,true,,0,0,91,91,null,0,0,0
1542229944468,1127,BeanShell Sampler,200,OK,Thread Group 1-48,text,true,,0,0,91,91,null,0,0,0
1542229944469,1133,BeanShell Sampler,200,OK,Thread Group 1-81,text,true,,0,0,91,91,null,0,0,0
1542229944487,1129,BeanShell Sampler,200,OK,Thread Group 1-59,text,true,,0,0,92,92,null,0,0,0
1542229944517,1130,BeanShell Sampler,200,OK,Thread Group 1-38,text,true,,0,0,92,92,null,0,0,0
1542229944560,1130,BeanShell Sampler,200,OK,Thread Group 1-71,text,true,,0,0,92,92,null,0,0,0
1542229944570,1126,BeanShell Sampler,200,OK,Thread Group 1-82,text,true,,0,0,92,92,null,0,0,0
1542229944567,1136,BeanShell Sampler,200,OK,Thread Group 1-60,text,true,,0,0,92,92,null,0,0,0
1542229944576,1133,BeanShell Sampler,200,OK,Thread Group 1-49,text,true,,0,0,92,92,null,0,0,0
1542229944610,1132,BeanShell Sampler,200,OK,Thread Group 1-39,text,true,,0,0,93,93,null,0,0,0
1542229944640,1129,BeanShell Sampler,200,OK,Thread Group 1-5,text,true,,0,0,93,93,null,0,0,0
1542229944647,1128,BeanShell Sampler,200,OK,Thread Group 1-28,text,true,,0,0,93,93,null,0,0,0
1542229944665,1131,BeanShell Sampler,200,OK,Thread Group 1-72,text,true,,0,0,93,93,null,0,0,0
1542229944674,1129,BeanShell Sampler,200,OK,Thread Group 1-61,text,true,,0,0,93,93,null,0,0,0
1542229944673,1137,BeanShell Sampler,200,OK,Thread Group 1-83,text,true,,0,0,93,93,null,0,0,0
1542229944689,1127,BeanShell Sampler,200,OK,Thread Group 1-50,text,true,,0,0,93,93,null,0,0,0
1542229944697,1131,BeanShell Sampler,200,OK,Thread Group 1-17,text,true,,0,0,94,94,null,0,0,0
1542229944704,1132,BeanShell Sampler,200,OK,Thread Group 1-6,text,true,,0,0,94,94,null,0,0,0
1542229944733,1136,BeanShell Sampler,200,OK,Thread Group 1-27,text,true,,0,0,94,94,null,0,0,0
1542229944739,1137,BeanShell Sampler,200,OK,Thread Group 1-40,text,true,,0,0,94,94,null,0,0,0
1542229944767,1131,BeanShell Sampler,200,OK,Thread Group 1-73,text,true,,0,0,94,94,null,0,0,0
1542229944774,1131,BeanShell Sampler,200,OK,Thread Group 1-62,text,true,,0,0,94,94,null,0,0,0
1542229944777,1135,BeanShell Sampler,200,OK,Thread Group 1-84,text,true,,0,0,94,94,null,0,0,0
1542229944790,1130,BeanShell Sampler,200,OK,Thread Group 1-29,text,true,,0,0,94,94,null,0,0,0
1542229944797,1129,BeanShell Sampler,200,OK,Thread Group 1-7,text,true,,0,0,95,95,null,0,0,0
1542229944805,1132,BeanShell Sampler,200,OK,Thread Group 1-18,text,true,,0,0,95,95,null,0,0,0
1542229944812,1134,BeanShell Sampler,200,OK,Thread Group 1-16,text,true,,0,0,95,95,null,0,0,0
1542229944826,1126,BeanShell Sampler,200,OK,Thread Group 1-51,text,true,,0,0,95,95,null,0,0,0
1542229944819,1139,BeanShell Sampler,200,OK,Thread Group 1-19,text,true,,0,0,95,95,null,0,0,0
1542229944833,1133,BeanShell Sampler,200,OK,Thread Group 1-8,text,true,,0,0,95,95,null,0,0,0
1542229944841,1131,BeanShell Sampler,200,OK,Thread Group 1-30,text,true,,0,0,95,95,null,0,0,0
1542229944856,1132,BeanShell Sampler,200,OK,Thread Group 1-41,text,true,,0,0,95,95,null,0,0,0
1542229944868,1133,BeanShell Sampler,200,OK,Thread Group 1-74,text,true,,0,0,95,95,null,0,0,0
1542229944874,1133,BeanShell Sampler,200,OK,Thread Group 1-63,text,true,,0,0,95,95,null,0,0,0
1542229944889,1126,BeanShell Sampler,200,OK,Thread Group 1-52,text,true,,0,0,95,95,null,0,0,0
1542229944881,1143,BeanShell Sampler,200,OK,Thread Group 1-85,text,true,,0,0,95,95,null,0,0,0
1542229944897,1135,BeanShell Sampler,200,OK,Thread Group 1-9,text,true,,0,0,96,96,null,0,0,0
1542229944910,1129,BeanShell Sampler,200,OK,Thread Group 1-20,text,true,,0,0,96,96,null,0,0,0
1542229944922,1128,BeanShell Sampler,200,OK,Thread Group 1-31,text,true,,0,0,96,96,null,0,0,0
1542229944973,1130,BeanShell Sampler,200,OK,Thread Group 1-75,text,true,,0,0,96,96,null,0,0,0
1542229944979,1130,BeanShell Sampler,200,OK,Thread Group 1-64,text,true,,0,0,96,96,null,0,0,0
1542229944984,1132,BeanShell Sampler,200,OK,Thread Group 1-86,text,true,,0,0,96,96,null,0,0,0
1542229945003,1133,BeanShell Sampler,200,OK,Thread Group 1-42,text,true,,0,0,97,97,null,0,0,0
1542229945012,1130,BeanShell Sampler,200,OK,Thread Group 1-53,text,true,,0,0,97,97,null,0,0,0
1542229945018,1132,BeanShell Sampler,200,OK,Thread Group 1-21,text,true,,0,0,97,97,null,0,0,0
1542229945024,1134,BeanShell Sampler,200,OK,Thread Group 1-10,text,true,,0,0,97,97,null,0,0,0
1542229945031,1134,BeanShell Sampler,200,OK,Thread Group 1-32,text,true,,0,0,97,97,null,0,0,0
1542229945077,1132,BeanShell Sampler,200,OK,Thread Group 1-65,text,true,,0,0,97,97,null,0,0,0
1542229945088,1127,BeanShell Sampler,200,OK,Thread Group 1-87,text,true,,0,0,97,97,null,0,0,0
1542229945085,1137,BeanShell Sampler,200,OK,Thread Group 1-76,text,true,,0,0,97,97,null,0,0,0
1542229945098,1131,BeanShell Sampler,200,OK,Thread Group 1-54,text,true,,0,0,97,97,null,0,0,0
1542229945092,1144,BeanShell Sampler,200,OK,Thread Group 1-43,text,true,,0,0,98,98,null,0,0,0
1542229945114,1129,BeanShell Sampler,200,OK,Thread Group 1-22,text,true,,0,0,98,98,null,0,0,0
1542229945105,1145,BeanShell Sampler,200,OK,Thread Group 1-11,text,true,,0,0,98,98,null,0,0,0
1542229945135,1131,BeanShell Sampler,200,OK,Thread Group 1-33,text,true,,0,0,98,98,null,0,0,0
1542229945172,1133,BeanShell Sampler,200,OK,Thread Group 1-66,text,true,,0,0,98,98,null,0,0,0
1542229945179,1133,BeanShell Sampler,200,OK,Thread Group 1-77,text,true,,0,0,98,98,null,0,0,0
1542229945190,1130,BeanShell Sampler,200,OK,Thread Group 1-88,text,true,,0,0,98,98,null,0,0,0
1542229945186,1142,BeanShell Sampler,200,OK,Thread Group 1-44,text,true,,0,0,98,98,null,0,0,0
1542229945204,1131,BeanShell Sampler,200,OK,Thread Group 1-55,text,true,,0,0,98,98,null,0,0,0
1542229945211,1131,BeanShell Sampler,200,OK,Thread Group 1-12,text,true,,0,0,99,99,null,0,0,0
1542229945222,1130,BeanShell Sampler,200,OK,Thread Group 1-1,text,true,,0,0,99,99,null,0,0,0
1542229945229,1130,BeanShell Sampler,200,OK,Thread Group 1-34,text,true,,0,0,99,99,null,0,0,0
1542229945249,1125,BeanShell Sampler,200,OK,Thread Group 1-23,text,true,,0,0,99,99,null,0,0,0
1542229945276,1132,BeanShell Sampler,200,OK,Thread Group 1-67,text,true,,0,0,99,99,null,0,0,0
1542229945283,1132,BeanShell Sampler,200,OK,Thread Group 1-78,text,true,,0,0,99,99,null,0,0,0
1542229945290,1132,BeanShell Sampler,200,OK,Thread Group 1-45,text,true,,0,0,99,99,null,0,0,0
1542229945300,1129,BeanShell Sampler,200,OK,Thread Group 1-56,text,true,,0,0,99,99,null,0,0,0
1542229945297,1141,BeanShell Sampler,200,OK,Thread Group 1-89,text,true,,0,0,99,99,null,0,0,0
1542229945343,1125,BeanShell Sampler,200,OK,Thread Group 1-2,text,true,,0,0,100,100,null,0,0,0
1542229945349,1129,BeanShell Sampler,200,OK,Thread Group 1-24,text,true,,0,0,100,100,null,0,0,0
1542229945370,1127,BeanShell Sampler,200,OK,Thread Group 1-35,text,true,,0,0,100,100,null,0,0,0
1542229945378,1127,BeanShell Sampler,200,OK,Thread Group 1-13,text,true,,0,0,100,100,null,0,0,0
1542229945386,1127,BeanShell Sampler,200,OK,Thread Group 1-68,text,true,,0,0,100,100,null,0,0,0
1542229945393,1127,BeanShell Sampler,200,OK,Thread Group 1-79,text,true,,0,0,100,100,null,0,0,0
1542229945400,1127,BeanShell Sampler,200,OK,Thread Group 1-90,text,true,,0,0,100,100,null,0,0,0
1542229945400,1134,BeanShell Sampler,200,OK,Thread Group 1-57,text,true,,0,0,100,100,null,0,0,0
1542229945415,1124,BeanShell Sampler,200,OK,Thread Group 1-3,text,true,,0,0,100,100,null,0,0,0
1542229945409,1137,BeanShell Sampler,200,OK,Thread Group 1-46,text,true,,0,0,100,100,null,0,0,0
1542229945427,1128,BeanShell Sampler,200,OK,Thread Group 1-25,text,true,,0,0,100,100,null,0,0,0
1542229945446,1129,BeanShell Sampler,200,OK,Thread Group 1-36,text,true,,0,0,100,100,null,0,0,0
1542229945454,1128,BeanShell Sampler,200,OK,Thread Group 1-14,text,true,,0,0,100,100,null,0,0,0
1542229945483,1128,BeanShell Sampler,200,OK,Thread Group 1-69,text,true,,0,0,100,100,null,0,0,0
1542229945490,1132,BeanShell Sampler,200,OK,Thread Group 1-80,text,true,,0,0,100,100,null,0,0,0
1542229945497,1132,BeanShell Sampler,200,OK,Thread Group 1-58,text,true,,0,0,100,100,null,0,0,0
1542229945508,1128,BeanShell Sampler,200,OK,Thread Group 1-47,text,true,,0,0,100,100,null,0,0,0
1542229945503,1140,BeanShell Sampler,200,OK,Thread Group 1-91,text,true,,0,0,100,100,null,0,0,0
1542229945523,1127,BeanShell Sampler,200,OK,Thread Group 1-37,text,true,,0,0,100,100,null,0,0,0
1542229945516,1141,BeanShell Sampler,200,OK,Thread Group 1-4,text,true,,0,0,100,100,null,0,0,0
1542229945550,1130,BeanShell Sampler,200,OK,Thread Group 1-26,text,true,,0,0,100,100,null,0,0,0
1542229945570,1129,BeanShell Sampler,200,OK,Thread Group 1-15,text,true,,0,0,100,100,null,0,0,0
1542229945588,1127,BeanShell Sampler,200,OK,Thread Group 1-70,text,true,,0,0,100,100,null,0,0,0
1542229945595,1128,BeanShell Sampler,200,OK,Thread Group 1-48,text,true,,0,0,100,100,null,0,0,0
1542229945602,1128,BeanShell Sampler,200,OK,Thread Group 1-81,text,true,,0,0,100,100,null,0,0,0
1542229945608,1128,BeanShell Sampler,200,OK,Thread Group 1-92,text,true,,0,0,100,100,null,0,0,0
1542229945616,1127,BeanShell Sampler,200,OK,Thread Group 1-59,text,true,,0,0,100,100,null,0,0,0
1542229945647,1125,BeanShell Sampler,200,OK,Thread Group 1-38,text,true,,0,0,100,100,null,0,0,0
1542229945690,1128,BeanShell Sampler,200,OK,Thread Group 1-71,text,true,,0,0,100,100,null,0,0,0
1542229945696,1130,BeanShell Sampler,200,OK,Thread Group 1-82,text,true,,0,0,100,100,null,0,0,0
1542229945703,1130,BeanShell Sampler,200,OK,Thread Group 1-60,text,true,,0,0,100,100,null,0,0,0
1542229945709,1131,BeanShell Sampler,200,OK,Thread Group 1-49,text,true,,0,0,100,100,null,0,0,0
1542229945712,1137,BeanShell Sampler,200,OK,Thread Group 1-93,text,true,,0,0,100,100,null,0,0,0
1542229945742,1128,BeanShell Sampler,200,OK,Thread Group 1-39,text,true,,0,0,100,100,null,0,0,0
1542229945769,1129,BeanShell Sampler,200,OK,Thread Group 1-5,text,true,,0,0,100,100,null,0,0,0
1542229945776,1129,BeanShell Sampler,200,OK,Thread Group 1-28,text,true,,0,0,100,100,null,0,0,0
1542229945796,1126,BeanShell Sampler,200,OK,Thread Group 1-72,text,true,,0,0,100,100,null,0,0,0
1542229945803,1129,BeanShell Sampler,200,OK,Thread Group 1-61,text,true,,0,0,100,100,null,0,0,0
1542229945810,1129,BeanShell Sampler,200,OK,Thread Group 1-83,text,true,,0,0,100,100,null,0,0,0
1542229945816,1132,BeanShell Sampler,200,OK,Thread Group 1-50,text,true,,0,0,100,100,null,0,0,0
1542229945828,1126,BeanShell Sampler,200,OK,Thread Group 1-17,text,true,,0,0,100,100,null,0,0,0
1542229945817,1144,BeanShell Sampler,200,OK,Thread Group 1-94,text,true,,0,0,100,100,null,0,0,0
1542229945836,1131,BeanShell Sampler,200,OK,Thread Group 1-6,text,true,,0,0,100,100,null,0,0,0
1542229945870,1128,BeanShell Sampler,200,OK,Thread Group 1-27,text,true,,0,0,100,100,null,0,0,0
1542229945876,1129,BeanShell Sampler,200,OK,Thread Group 1-40,text,true,,0,0,100,100,null,0,0,0
1542229945898,1127,BeanShell Sampler,200,OK,Thread Group 1-73,text,true,,0,0,100,100,null,0,0,0
1542229945905,1128,BeanShell Sampler,200,OK,Thread Group 1-62,text,true,,0,0,100,100,null,0,0,0
1542229945912,1129,BeanShell Sampler,200,OK,Thread Group 1-84,text,true,,0,0,100,100,null,0,0,0
1542229945920,1127,BeanShell Sampler,200,OK,Thread Group 1-29,text,true,,0,0,100,100,null,0,0,0
1542229945920,1135,BeanShell Sampler,200,OK,Thread Group 1-95,text,true,,0,0,100,100,null,0,0,0
1542229945926,1136,BeanShell Sampler,200,OK,Thread Group 1-7,text,true,,0,0,100,100,null,0,0,0
1542229945937,1133,BeanShell Sampler,200,OK,Thread Group 1-18,text,true,,0,0,100,100,null,0,0,0
1542229945946,1131,BeanShell Sampler,200,OK,Thread Group 1-16,text,true,,0,0,100,100,null,0,0,0
1542229945952,1131,BeanShell Sampler,200,OK,Thread Group 1-51,text,true,,0,0,100,100,null,0,0,0
1542229945959,1130,BeanShell Sampler,200,OK,Thread Group 1-19,text,true,,0,0,100,100,null,0,0,0
1542229945966,1130,BeanShell Sampler,200,OK,Thread Group 1-8,text,true,,0,0,100,100,null,0,0,0
1542229945973,1129,BeanShell Sampler,200,OK,Thread Group 1-30,text,true,,0,0,100,100,null,0,0,0
1542229945988,1127,BeanShell Sampler,200,OK,Thread Group 1-41,text,true,,0,0,100,100,null,0,0,0
1542229946001,1126,BeanShell Sampler,200,OK,Thread Group 1-74,text,true,,0,0,100,100,null,0,0,0
1542229946008,1125,BeanShell Sampler,200,OK,Thread Group 1-63,text,true,,0,0,100,100,null,0,0,0
1542229946015,1127,BeanShell Sampler,200,OK,Thread Group 1-52,text,true,,0,0,100,100,null,0,0,0
1542229946025,1126,BeanShell Sampler,200,OK,Thread Group 1-96,text,true,,0,0,100,100,null,0,0,0
1542229946024,1134,BeanShell Sampler,200,OK,Thread Group 1-85,text,true,,0,0,100,100,null,0,0,0
1542229946032,1132,BeanShell Sampler,200,OK,Thread Group 1-9,text,true,,0,0,100,100,null,0,0,0
1542229946039,1132,BeanShell Sampler,200,OK,Thread Group 1-20,text,true,,0,0,100,100,null,0,0,0
1542229946050,1131,BeanShell Sampler,200,OK,Thread Group 1-31,text,true,,0,0,100,100,null,0,0,0
1542229946103,1127,BeanShell Sampler,200,OK,Thread Group 1-75,text,true,,0,0,100,100,null,0,0,0
1542229946109,1128,BeanShell Sampler,200,OK,Thread Group 1-64,text,true,,0,0,100,100,null,0,0,0
1542229946116,1129,BeanShell Sampler,200,OK,Thread Group 1-86,text,true,,0,0,100,100,null,0,0,0
1542229946127,1128,BeanShell Sampler,200,OK,Thread Group 1-97,text,true,,0,0,100,100,null,0,0,0
1542229946136,1127,BeanShell Sampler,200,OK,Thread Group 1-42,text,true,,0,0,100,100,null,0,0,0
1542229946142,1127,BeanShell Sampler,200,OK,Thread Group 1-53,text,true,,0,0,100,100,null,0,0,0
1542229946150,1127,BeanShell Sampler,200,OK,Thread Group 1-21,text,true,,0,0,100,100,null,0,0,0
1542229946159,1129,BeanShell Sampler,200,OK,Thread Group 1-10,text,true,,0,0,100,100,null,0,0,0
1542229946166,1130,BeanShell Sampler,200,OK,Thread Group 1-32,text,true,,0,0,100,100,null,0,0,0
1542229946210,1126,BeanShell Sampler,200,OK,Thread Group 1-65,text,true,,0,0,100,100,null,0,0,0
1542229946216,1128,BeanShell Sampler,200,OK,Thread Group 1-87,text,true,,0,0,100,100,null,0,0,0
1542229946223,1127,BeanShell Sampler,200,OK,Thread Group 1-76,text,true,,0,0,100,100,null,0,0,0
1542229946231,1128,BeanShell Sampler,200,OK,Thread Group 1-54,text,true,,0,0,100,100,null,0,0,0
1542229946236,1130,BeanShell Sampler,200,OK,Thread Group 1-98,text,true,,0,0,100,100,null,0,0,0
1542229946237,1136,BeanShell Sampler,200,OK,Thread Group 1-43,text,true,,0,0,100,100,null,0,0,0
1542229946251,1128,BeanShell Sampler,200,OK,Thread Group 1-11,text,true,,0,0,100,100,null,0,0,0
1542229946245,1141,BeanShell Sampler,200,OK,Thread Group 1-22,text,true,,0,0,100,100,null,0,0,0
1542229946267,1128,BeanShell Sampler,200,OK,Thread Group 1-33,text,true,,0,0,100,100,null,0,0,0
1542229946306,1129,BeanShell Sampler,200,OK,Thread Group 1-66,text,true,,0,0,100,100,null,0,0,0
1542229946313,1132,BeanShell Sampler,200,OK,Thread Group 1-77,text,true,,0,0,100,100,null,0,0,0
1542229946321,1133,BeanShell Sampler,200,OK,Thread Group 1-88,text,true,,0,0,100,100,null,0,0,0
1542229946329,1131,BeanShell Sampler,200,OK,Thread Group 1-44,text,true,,0,0,100,100,null,0,0,0
1542229946336,1131,BeanShell Sampler,200,OK,Thread Group 1-55,text,true,,0,0,100,100,null,0,0,0
1542229946343,1130,BeanShell Sampler,200,OK,Thread Group 1-99,text,true,,0,0,100,100,null,0,0,0
1542229946343,1137,BeanShell Sampler,200,OK,Thread Group 1-12,text,true,,0,0,100,100,null,0,0,0
1542229946353,1134,BeanShell Sampler,200,OK,Thread Group 1-1,text,true,,0,0,100,100,null,0,0,0
1542229946360,1135,BeanShell Sampler,200,OK,Thread Group 1-34,text,true,,0,0,99,99,null,0,0,0
1542229946376,1127,BeanShell Sampler,200,OK,Thread Group 1-23,text,true,,0,0,99,99,null,0,0,0
1542229946409,1131,BeanShell Sampler,200,OK,Thread Group 1-67,text,true,,0,0,99,99,null,0,0,0
1542229946416,1132,BeanShell Sampler,200,OK,Thread Group 1-78,text,true,,0,0,99,99,null,0,0,0
1542229946423,1131,BeanShell Sampler,200,OK,Thread Group 1-45,text,true,,0,0,99,99,null,0,0,0
1542229946430,1131,BeanShell Sampler,200,OK,Thread Group 1-56,text,true,,0,0,99,99,null,0,0,0
1542229946439,1129,BeanShell Sampler,200,OK,Thread Group 1-89,text,true,,0,0,99,99,null,0,0,0
1542229946444,1130,BeanShell Sampler,200,OK,Thread Group 1-100,text,true,,0,0,99,99,null,0,0,0
1542229946469,1130,BeanShell Sampler,200,OK,Thread Group 1-2,text,true,,0,0,99,99,null,0,0,0
1542229946479,1128,BeanShell Sampler,200,OK,Thread Group 1-24,text,true,,0,0,98,98,null,0,0,0
1542229946499,1126,BeanShell Sampler,200,OK,Thread Group 1-35,text,true,,0,0,98,98,null,0,0,0
1542229946506,1130,BeanShell Sampler,200,OK,Thread Group 1-13,text,true,,0,0,98,98,null,0,0,0
1542229946514,1130,BeanShell Sampler,200,OK,Thread Group 1-68,text,true,,0,0,98,98,null,0,0,0
1542229946521,1129,BeanShell Sampler,200,OK,Thread Group 1-79,text,true,,0,0,98,98,null,0,0,0
1542229946535,1126,BeanShell Sampler,200,OK,Thread Group 1-57,text,true,,0,0,98,98,null,0,0,0
1542229946541,1129,BeanShell Sampler,200,OK,Thread Group 1-3,text,true,,0,0,98,98,null,0,0,0
1542229946547,1131,BeanShell Sampler,200,OK,Thread Group 1-46,text,true,,0,0,97,97,null,0,0,0
1542229946556,1130,BeanShell Sampler,200,OK,Thread Group 1-25,text,true,,0,0,97,97,null,0,0,0
1542229946576,1134,BeanShell Sampler,200,OK,Thread Group 1-36,text,true,,0,0,97,97,null,0,0,0
1542229946583,1134,BeanShell Sampler,200,OK,Thread Group 1-14,text,true,,0,0,97,97,null,0,0,0
1542229946612,1133,BeanShell Sampler,200,OK,Thread Group 1-69,text,true,,0,0,97,97,null,0,0,0
1542229946623,1130,BeanShell Sampler,200,OK,Thread Group 1-80,text,true,,0,0,97,97,null,0,0,0
1542229946630,1129,BeanShell Sampler,200,OK,Thread Group 1-58,text,true,,0,0,97,97,null,0,0,0
1542229946637,1129,BeanShell Sampler,200,OK,Thread Group 1-47,text,true,,0,0,97,97,null,0,0,0
1542229946644,1127,BeanShell Sampler,200,OK,Thread Group 1-91,text,true,,0,0,97,97,null,0,0,0
1542229946651,1127,BeanShell Sampler,200,OK,Thread Group 1-37,text,true,,0,0,97,97,null,0,0,0
1542229946658,1128,BeanShell Sampler,200,OK,Thread Group 1-4,text,true,,0,0,97,97,null,0,0,0
1542229946681,1127,BeanShell Sampler,200,OK,Thread Group 1-26,text,true,,0,0,96,96,null,0,0,0
1542229946700,1126,BeanShell Sampler,200,OK,Thread Group 1-15,text,true,,0,0,96,96,null,0,0,0
1542229946716,1132,BeanShell Sampler,200,OK,Thread Group 1-70,text,true,,0,0,96,96,null,0,0,0
1542229946724,1133,BeanShell Sampler,200,OK,Thread Group 1-48,text,true,,0,0,96,96,null,0,0,0
1542229946731,1133,BeanShell Sampler,200,OK,Thread Group 1-81,text,true,,0,0,96,96,null,0,0,0
1542229946737,1134,BeanShell Sampler,200,OK,Thread Group 1-92,text,true,,0,0,96,96,null,0,0,0
1542229946744,1133,BeanShell Sampler,200,OK,Thread Group 1-59,text,true,,0,0,96,96,null,0,0,0
1542229946773,1131,BeanShell Sampler,200,OK,Thread Group 1-38,text,true,,0,0,96,96,null,0,0,0
1542229946819,1128,BeanShell Sampler,200,OK,Thread Group 1-71,text,true,,0,0,96,96,null,0,0,0
1542229946827,1129,BeanShell Sampler,200,OK,Thread Group 1-82,text,true,,0,0,96,96,null,0,0,0
1542229946834,1128,BeanShell Sampler,200,OK,Thread Group 1-60,text,true,,0,0,96,96,null,0,0,0
1542229946841,1129,BeanShell Sampler,200,OK,Thread Group 1-49,text,true,,0,0,96,96,null,0,0,0
1542229946850,1130,BeanShell Sampler,200,OK,Thread Group 1-93,text,true,,0,0,96,96,null,0,0,0
1542229946871,1131,BeanShell Sampler,200,OK,Thread Group 1-39,text,true,,0,0,96,96,null,0,0,0
1542229946899,1130,BeanShell Sampler,200,OK,Thread Group 1-5,text,true,,0,0,96,96,null,0,0,0
1542229946906,1131,BeanShell Sampler,200,OK,Thread Group 1-28,text,true,,0,0,95,95,null,0,0,0
1542229946923,1130,BeanShell Sampler,200,OK,Thread Group 1-72,text,true,,0,0,95,95,null,0,0,0
1542229946933,1130,BeanShell Sampler,200,OK,Thread Group 1-61,text,true,,0,0,95,95,null,0,0,0
1542229946940,1129,BeanShell Sampler,200,OK,Thread Group 1-83,text,true,,0,0,95,95,null,0,0,0
1542229946949,1131,BeanShell Sampler,200,OK,Thread Group 1-50,text,true,,0,0,95,95,null,0,0,0
1542229946955,1133,BeanShell Sampler,200,OK,Thread Group 1-17,text,true,,0,0,95,95,null,0,0,0
1542229946962,1133,BeanShell Sampler,200,OK,Thread Group 1-94,text,true,,0,0,95,95,null,0,0,0
1542229946968,1134,BeanShell Sampler,200,OK,Thread Group 1-6,text,true,,0,0,95,95,null,0,0,0
1542229946999,1132,BeanShell Sampler,200,OK,Thread Group 1-27,text,true,,0,0,94,94,null,0,0,0
1542229947006,1133,BeanShell Sampler,200,OK,Thread Group 1-40,text,true,,0,0,94,94,null,0,0,0
1542229947026,1134,BeanShell Sampler,200,OK,Thread Group 1-73,text,true,,0,0,94,94,null,0,0,0
1542229947034,1132,BeanShell Sampler,200,OK,Thread Group 1-62,text,true,,0,0,94,94,null,0,0,0
1542229947042,1131,BeanShell Sampler,200,OK,Thread Group 1-84,text,true,,0,0,94,94,null,0,0,0
1542229947048,1132,BeanShell Sampler,200,OK,Thread Group 1-29,text,true,,0,0,94,94,null,0,0,0
1542229947063,1125,BeanShell Sampler,200,OK,Thread Group 1-7,text,true,,0,0,94,94,null,0,0,0
1542229947056,1138,BeanShell Sampler,200,OK,Thread Group 1-95,text,true,,0,0,93,93,null,0,0,0
1542229947071,1130,BeanShell Sampler,200,OK,Thread Group 1-18,text,true,,0,0,93,93,null,0,0,0
1542229947078,1130,BeanShell Sampler,200,OK,Thread Group 1-16,text,true,,0,0,93,93,null,0,0,0
1542229947084,1131,BeanShell Sampler,200,OK,Thread Group 1-51,text,true,,0,0,93,93,null,0,0,0
1542229947090,1133,BeanShell Sampler,200,OK,Thread Group 1-19,text,true,,0,0,93,93,null,0,0,0
1542229947103,1127,BeanShell Sampler,200,OK,Thread Group 1-30,text,true,,0,0,93,93,null,0,0,0
1542229947097,1139,BeanShell Sampler,200,OK,Thread Group 1-8,text,true,,0,0,93,93,null,0,0,0
1542229947116,1132,BeanShell Sampler,200,OK,Thread Group 1-41,text,true,,0,0,92,92,null,0,0,0
1542229947128,1127,BeanShell Sampler,200,OK,Thread Group 1-74,text,true,,0,0,92,92,null,0,0,0
1542229947134,1130,BeanShell Sampler,200,OK,Thread Group 1-63,text,true,,0,0,92,92,null,0,0,0
1542229947143,1130,BeanShell Sampler,200,OK,Thread Group 1-52,text,true,,0,0,92,92,null,0,0,0
1542229947152,1132,BeanShell Sampler,200,OK,Thread Group 1-96,text,true,,0,0,92,92,null,0,0,0
1542229947165,1128,BeanShell Sampler,200,OK,Thread Group 1-9,text,true,,0,0,92,92,null,0,0,0
1542229947172,1128,BeanShell Sampler,200,OK,Thread Group 1-20,text,true,,0,0,91,91,null,0,0,0
1542229947159,1148,BeanShell Sampler,200,OK,Thread Group 1-85,text,true,,0,0,91,91,null,0,0,0
1542229947182,1133,BeanShell Sampler,200,OK,Thread Group 1-31,text,true,,0,0,91,91,null,0,0,0
1542229947231,1132,BeanShell Sampler,200,OK,Thread Group 1-75,text,true,,0,0,91,91,null,0,0,0
1542229947238,1131,BeanShell Sampler,200,OK,Thread Group 1-64,text,true,,0,0,91,91,null,0,0,0
1542229947246,1131,BeanShell Sampler,200,OK,Thread Group 1-86,text,true,,0,0,91,91,null,0,0,0
1542229947256,1128,BeanShell Sampler,200,OK,Thread Group 1-97,text,true,,0,0,91,91,null,0,0,0
1542229947264,1128,BeanShell Sampler,200,OK,Thread Group 1-42,text,true,,0,0,91,91,null,0,0,0
1542229947270,1130,BeanShell Sampler,200,OK,Thread Group 1-53,text,true,,0,0,91,91,null,0,0,0
1542229947278,1128,BeanShell Sampler,200,OK,Thread Group 1-21,text,true,,0,0,91,91,null,0,0,0
1542229947288,1129,BeanShell Sampler,200,OK,Thread Group 1-10,text,true,,0,0,91,91,null,0,0,0
1542229947296,1127,BeanShell Sampler,200,OK,Thread Group 1-32,text,true,,0,0,90,90,null,0,0,0
1542229947336,1134,BeanShell Sampler,200,OK,Thread Group 1-65,text,true,,0,0,90,90,null,0,0,0
1542229947344,1132,BeanShell Sampler,200,OK,Thread Group 1-87,text,true,,0,0,90,90,null,0,0,0
1542229947350,1132,BeanShell Sampler,200,OK,Thread Group 1-76,text,true,,0,0,90,90,null,0,0,0
1542229947359,1132,BeanShell Sampler,200,OK,Thread Group 1-54,text,true,,0,0,90,90,null,0,0,0
1542229947366,1132,BeanShell Sampler,200,OK,Thread Group 1-98,text,true,,0,0,90,90,null,0,0,0
1542229947373,1131,BeanShell Sampler,200,OK,Thread Group 1-43,text,true,,0,0,90,90,null,0,0,0
1542229947379,1131,BeanShell Sampler,200,OK,Thread Group 1-11,text,true,,0,0,90,90,null,0,0,0
1542229947386,1132,BeanShell Sampler,200,OK,Thread Group 1-22,text,true,,0,0,89,89,null,0,0,0
1542229947395,1128,BeanShell Sampler,200,OK,Thread Group 1-33,text,true,,0,0,89,89,null,0,0,0
1542229947435,1131,BeanShell Sampler,200,OK,Thread Group 1-66,text,true,,0,0,89,89,null,0,0,0
1542229947445,1128,BeanShell Sampler,200,OK,Thread Group 1-77,text,true,,0,0,89,89,null,0,0,0
1542229947454,1126,BeanShell Sampler,200,OK,Thread Group 1-88,text,true,,0,0,89,89,null,0,0,0
1542229947460,1129,BeanShell Sampler,200,OK,Thread Group 1-44,text,true,,0,0,89,89,null,0,0,0
1542229947467,1129,BeanShell Sampler,200,OK,Thread Group 1-55,text,true,,0,0,89,89,null,0,0,0
1542229947473,1130,BeanShell Sampler,200,OK,Thread Group 1-99,text,true,,0,0,89,89,null,0,0,0
1542229947480,1130,BeanShell Sampler,200,OK,Thread Group 1-12,text,true,,0,0,89,89,null,0,0,0
1542229947495,1125,BeanShell Sampler,200,OK,Thread Group 1-34,text,true,,0,0,88,88,null,0,0,0
1542229947503,1127,BeanShell Sampler,200,OK,Thread Group 1-23,text,true,,0,0,88,88,null,0,0,0
1542229947540,1132,BeanShell Sampler,200,OK,Thread Group 1-67,text,true,,0,0,88,88,null,0,0,0
1542229947548,1132,BeanShell Sampler,200,OK,Thread Group 1-78,text,true,,0,0,88,88,null,0,0,0
1542229947554,1134,BeanShell Sampler,200,OK,Thread Group 1-45,text,true,,0,0,88,88,null,0,0,0
1542229947568,1127,BeanShell Sampler,200,OK,Thread Group 1-89,text,true,,0,0,88,88,null,0,0,0
1542229947561,1141,BeanShell Sampler,200,OK,Thread Group 1-56,text,true,,0,0,88,88,null,0,0,0
1542229947574,1137,BeanShell Sampler,200,OK,Thread Group 1-100,text,true,,0,0,88,88,null,0,0,0
1542229947607,1136,BeanShell Sampler,200,OK,Thread Group 1-24,text,true,,0,0,88,88,null,0,0,0
1542229947625,1126,BeanShell Sampler,200,OK,Thread Group 1-35,text,true,,0,0,88,88,null,0,0,0
1542229947636,1145,BeanShell Sampler,200,OK,Thread Group 1-13,text,true,,0,0,88,88,null,0,0,0
1542229947662,1126,BeanShell Sampler,200,OK,Thread Group 1-57,text,true,,0,0,87,87,null,0,0,0
1542229947650,1145,BeanShell Sampler,200,OK,Thread Group 1-79,text,true,,0,0,87,87,null,0,0,0
1542229947644,1157,BeanShell Sampler,200,OK,Thread Group 1-68,text,true,,0,0,87,87,null,0,0,0
1542229947678,1130,BeanShell Sampler,200,OK,Thread Group 1-46,text,true,,0,0,87,87,null,0,0,0
1542229947686,1128,BeanShell Sampler,200,OK,Thread Group 1-25,text,true,,0,0,87,87,null,0,0,0
1542229947710,1127,BeanShell Sampler,200,OK,Thread Group 1-36,text,true,,0,0,87,87,null,0,0,0
1542229947717,1129,BeanShell Sampler,200,OK,Thread Group 1-14,text,true,,0,0,87,87,null,0,0,0
1542229947745,1124,BeanShell Sampler,200,OK,Thread Group 1-69,text,true,,0,0,86,86,null,0,0,0
1542229947753,1126,BeanShell Sampler,200,OK,Thread Group 1-80,text,true,,0,0,86,86,null,0,0,0
1542229947766,1130,BeanShell Sampler,200,OK,Thread Group 1-47,text,true,,0,0,86,86,null,0,0,0
1542229947759,1145,BeanShell Sampler,200,OK,Thread Group 1-58,text,true,,0,0,86,86,null,0,0,0
1542229947778,1132,BeanShell Sampler,200,OK,Thread Group 1-37,text,true,,0,0,86,86,null,0,0,0
1542229947771,1145,BeanShell Sampler,200,OK,Thread Group 1-91,text,true,,0,0,86,86,null,0,0,0
1542229947808,1128,BeanShell Sampler,200,OK,Thread Group 1-26,text,true,,0,0,86,86,null,0,0,0
1542229947826,1136,BeanShell Sampler,200,OK,Thread Group 1-15,text,true,,0,0,86,86,null,0,0,0
1542229947848,1130,BeanShell Sampler,200,OK,Thread Group 1-70,text,true,,0,0,85,85,null,0,0,0
1542229947857,1127,BeanShell Sampler,200,OK,Thread Group 1-48,text,true,,0,0,85,85,null,0,0,0
1542229947864,1128,BeanShell Sampler,200,OK,Thread Group 1-81,text,true,,0,0,85,85,null,0,0,0
1542229947871,1141,BeanShell Sampler,200,OK,Thread Group 1-92,text,true,,0,0,85,85,null,0,0,0
1542229947877,1141,BeanShell Sampler,200,OK,Thread Group 1-59,text,true,,0,0,85,85,null,0,0,0
1542229947904,1133,BeanShell Sampler,200,OK,Thread Group 1-38,text,true,,0,0,85,85,null,0,0,0
1542229947947,1129,BeanShell Sampler,200,OK,Thread Group 1-71,text,true,,0,0,85,85,null,0,0,0
1542229947956,1127,BeanShell Sampler,200,OK,Thread Group 1-82,text,true,,0,0,85,85,null,0,0,0
1542229947962,1128,BeanShell Sampler,200,OK,Thread Group 1-60,text,true,,0,0,85,85,null,0,0,0
1542229947970,1127,BeanShell Sampler,200,OK,Thread Group 1-49,text,true,,0,0,85,85,null,0,0,0
1542229947981,1125,BeanShell Sampler,200,OK,Thread Group 1-93,text,true,,0,0,85,85,null,0,0,0
1542229948002,1133,BeanShell Sampler,200,OK,Thread Group 1-39,text,true,,0,0,85,85,null,0,0,0
1542229948037,1128,BeanShell Sampler,200,OK,Thread Group 1-28,text,true,,0,0,85,85,null,0,0,0
1542229948053,1126,BeanShell Sampler,200,OK,Thread Group 1-72,text,true,,0,0,85,85,null,0,0,0
1542229948063,1128,BeanShell Sampler,200,OK,Thread Group 1-61,text,true,,0,0,85,85,null,0,0,0
1542229948070,1144,BeanShell Sampler,200,OK,Thread Group 1-83,text,true,,0,0,85,85,null,0,0,0
1542229948088,1133,BeanShell Sampler,200,OK,Thread Group 1-17,text,true,,0,0,85,85,null,0,0,0
1542229948080,1148,BeanShell Sampler,200,OK,Thread Group 1-50,text,true,,0,0,84,84,null,0,0,0
1542229948095,1142,BeanShell Sampler,200,OK,Thread Group 1-94,text,true,,0,0,84,84,null,0,0,0
1542229948132,1135,BeanShell Sampler,200,OK,Thread Group 1-27,text,true,,0,0,84,84,null,0,0,0
1542229948139,1135,BeanShell Sampler,200,OK,Thread Group 1-40,text,true,,0,0,84,84,null,0,0,0
1542229948160,1130,BeanShell Sampler,200,OK,Thread Group 1-73,text,true,,0,0,84,84,null,0,0,0
1542229948166,1132,BeanShell Sampler,200,OK,Thread Group 1-62,text,true,,0,0,84,84,null,0,0,0
1542229948173,1132,BeanShell Sampler,200,OK,Thread Group 1-84,text,true,,0,0,84,84,null,0,0,0
1542229948180,1131,BeanShell Sampler,200,OK,Thread Group 1-29,text,true,,0,0,84,84,null,0,0,0
1542229948194,1131,BeanShell Sampler,200,OK,Thread Group 1-95,text,true,,0,0,84,84,null,0,0,0
1542229948201,1130,BeanShell Sampler,200,OK,Thread Group 1-18,text,true,,0,0,84,84,null,0,0,0
1542229948208,1130,BeanShell Sampler,200,OK,Thread Group 1-16,text,true,,0,0,83,83,null,0,0,0
1542229948215,1130,BeanShell Sampler,200,OK,Thread Group 1-51,text,true,,0,0,82,82,null,0,0,0
1542229948223,1128,BeanShell Sampler,200,OK,Thread Group 1-19,text,true,,0,0,82,82,null,0,0,0
1542229948230,1130,BeanShell Sampler,200,OK,Thread Group 1-30,text,true,,0,0,81,81,null,0,0,0
1542229948248,1129,BeanShell Sampler,200,OK,Thread Group 1-41,text,true,,0,0,81,81,null,0,0,0
1542229948255,1129,BeanShell Sampler,200,OK,Thread Group 1-74,text,true,,0,0,81,81,null,0,0,0
1542229948264,1127,BeanShell Sampler,200,OK,Thread Group 1-63,text,true,,0,0,81,81,null,0,0,0
1542229948273,1129,BeanShell Sampler,200,OK,Thread Group 1-52,text,true,,0,0,81,81,null,0,0,0
1542229948284,1128,BeanShell Sampler,200,OK,Thread Group 1-96,text,true,,0,0,81,81,null,0,0,0
1542229948300,1129,BeanShell Sampler,200,OK,Thread Group 1-20,text,true,,0,0,81,81,null,0,0,0
1542229948307,1132,BeanShell Sampler,200,OK,Thread Group 1-85,text,true,,0,0,80,80,null,0,0,0
1542229948315,1130,BeanShell Sampler,200,OK,Thread Group 1-31,text,true,,0,0,80,80,null,0,0,0
1542229948363,1128,BeanShell Sampler,200,OK,Thread Group 1-75,text,true,,0,0,80,80,null,0,0,0
1542229948369,1134,BeanShell Sampler,200,OK,Thread Group 1-64,text,true,,0,0,80,80,null,0,0,0
1542229948377,1133,BeanShell Sampler,200,OK,Thread Group 1-86,text,true,,0,0,80,80,null,0,0,0
1542229948384,1132,BeanShell Sampler,200,OK,Thread Group 1-97,text,true,,0,0,80,80,null,0,0,0
1542229948392,1132,BeanShell Sampler,200,OK,Thread Group 1-42,text,true,,0,0,80,80,null,0,0,0
1542229948400,1131,BeanShell Sampler,200,OK,Thread Group 1-53,text,true,,0,0,80,80,null,0,0,0
1542229948406,1140,BeanShell Sampler,200,OK,Thread Group 1-21,text,true,,0,0,80,80,null,0,0,0
1542229948423,1130,BeanShell Sampler,200,OK,Thread Group 1-32,text,true,,0,0,79,79,null,0,0,0
1542229948470,1144,BeanShell Sampler,200,OK,Thread Group 1-65,text,true,,0,0,79,79,null,0,0,0
1542229948491,1130,BeanShell Sampler,200,OK,Thread Group 1-54,text,true,,0,0,79,79,null,0,0,0
1542229948482,1146,BeanShell Sampler,200,OK,Thread Group 1-76,text,true,,0,0,79,79,null,0,0,0
1542229948476,1159,BeanShell Sampler,200,OK,Thread Group 1-87,text,true,,0,0,79,79,null,0,0,0
1542229948504,1137,BeanShell Sampler,200,OK,Thread Group 1-43,text,true,,0,0,79,79,null,0,0,0
1542229948498,1151,BeanShell Sampler,200,OK,Thread Group 1-98,text,true,,0,0,79,79,null,0,0,0
1542229948524,1132,BeanShell Sampler,200,OK,Thread Group 1-33,text,true,,0,0,79,79,null,0,0,0
1542229948518,1144,BeanShell Sampler,200,OK,Thread Group 1-22,text,true,,0,0,79,79,null,0,0,0
1542229948566,1129,BeanShell Sampler,200,OK,Thread Group 1-66,text,true,,0,0,78,78,null,0,0,0
1542229948573,1129,BeanShell Sampler,200,OK,Thread Group 1-77,text,true,,0,0,78,78,null,0,0,0
1542229948580,1128,BeanShell Sampler,200,OK,Thread Group 1-88,text,true,,0,0,78,78,null,0,0,0
1542229948589,1127,BeanShell Sampler,200,OK,Thread Group 1-44,text,true,,0,0,78,78,null,0,0,0
1542229948596,1130,BeanShell Sampler,200,OK,Thread Group 1-55,text,true,,0,0,78,78,null,0,0,0
1542229948603,1129,BeanShell Sampler,200,OK,Thread Group 1-99,text,true,,0,0,78,78,null,0,0,0
1542229948620,1130,BeanShell Sampler,200,OK,Thread Group 1-34,text,true,,0,0,78,78,null,0,0,0
1542229948630,1126,BeanShell Sampler,200,OK,Thread Group 1-23,text,true,,0,0,78,78,null,0,0,0
1542229948672,1134,BeanShell Sampler,200,OK,Thread Group 1-67,text,true,,0,0,77,77,null,0,0,0
1542229948680,1135,BeanShell Sampler,200,OK,Thread Group 1-78,text,true,,0,0,77,77,null,0,0,0
1542229948695,1127,BeanShell Sampler,200,OK,Thread Group 1-89,text,true,,0,0,77,77,null,0,0,0
1542229948689,1139,BeanShell Sampler,200,OK,Thread Group 1-45,text,true,,0,0,77,77,null,0,0,0
1542229948702,1133,BeanShell Sampler,200,OK,Thread Group 1-56,text,true,,0,0,77,77,null,0,0,0
1542229948711,1132,BeanShell Sampler,200,OK,Thread Group 1-100,text,true,,0,0,77,77,null,0,0,0
1542229948743,1132,BeanShell Sampler,200,OK,Thread Group 1-24,text,true,,0,0,77,77,null,0,0,0
1542229948751,1131,BeanShell Sampler,200,OK,Thread Group 1-35,text,true,,0,0,76,76,null,0,0,0
1542229948788,1127,BeanShell Sampler,200,OK,Thread Group 1-57,text,true,,0,0,76,76,null,0,0,0
1542229948795,1127,BeanShell Sampler,200,OK,Thread Group 1-79,text,true,,0,0,76,76,null,0,0,0
1542229948801,1128,BeanShell Sampler,200,OK,Thread Group 1-68,text,true,,0,0,76,76,null,0,0,0
1542229948808,1128,BeanShell Sampler,200,OK,Thread Group 1-46,text,true,,0,0,76,76,null,0,0,0
1542229948814,1129,BeanShell Sampler,200,OK,Thread Group 1-25,text,true,,0,0,76,76,null,0,0,0
1542229948837,1128,BeanShell Sampler,200,OK,Thread Group 1-36,text,true,,0,0,75,75,null,0,0,0
1542229948869,1132,BeanShell Sampler,200,OK,Thread Group 1-69,text,true,,0,0,75,75,null,0,0,0
1542229948879,1137,BeanShell Sampler,200,OK,Thread Group 1-80,text,true,,0,0,75,75,null,0,0,0
1542229948896,1131,BeanShell Sampler,200,OK,Thread Group 1-47,text,true,,0,0,75,75,null,0,0,0
1542229948904,1132,BeanShell Sampler,200,OK,Thread Group 1-58,text,true,,0,0,75,75,null,0,0,0
1542229948910,1134,BeanShell Sampler,200,OK,Thread Group 1-37,text,true,,0,0,75,75,null,0,0,0
1542229948916,1134,BeanShell Sampler,200,OK,Thread Group 1-91,text,true,,0,0,75,75,null,0,0,0
1542229948936,1131,BeanShell Sampler,200,OK,Thread Group 1-26,text,true,,0,0,75,75,null,0,0,0
1542229948978,1128,BeanShell Sampler,200,OK,Thread Group 1-70,text,true,,0,0,74,74,null,0,0,0
1542229948984,1130,BeanShell Sampler,200,OK,Thread Group 1-48,text,true,,0,0,74,74,null,0,0,0
1542229948992,1130,BeanShell Sampler,200,OK,Thread Group 1-81,text,true,,0,0,74,74,null,0,0,0
1542229949012,1128,BeanShell Sampler,200,OK,Thread Group 1-92,text,true,,0,0,74,74,null,0,0,0
1542229949018,1130,BeanShell Sampler,200,OK,Thread Group 1-59,text,true,,0,0,74,74,null,0,0,0
1542229949037,1135,BeanShell Sampler,200,OK,Thread Group 1-38,text,true,,0,0,74,74,null,0,0,0
1542229949076,1128,BeanShell Sampler,200,OK,Thread Group 1-71,text,true,,0,0,74,74,null,0,0,0
1542229949083,1127,BeanShell Sampler,200,OK,Thread Group 1-82,text,true,,0,0,74,74,null,0,0,0
1542229949090,1129,BeanShell Sampler,200,OK,Thread Group 1-60,text,true,,0,0,74,74,null,0,0,0
1542229949097,1132,BeanShell Sampler,200,OK,Thread Group 1-49,text,true,,0,0,74,74,null,0,0,0
1542229949106,1132,BeanShell Sampler,200,OK,Thread Group 1-93,text,true,,0,0,74,74,null,0,0,0
1542229949135,1130,BeanShell Sampler,200,OK,Thread Group 1-39,text,true,,0,0,74,74,null,0,0,0
1542229949165,1125,BeanShell Sampler,200,OK,Thread Group 1-28,text,true,,0,0,74,74,null,0,0,0
1542229949179,1126,BeanShell Sampler,200,OK,Thread Group 1-72,text,true,,0,0,73,73,null,0,0,0
1542229949191,1129,BeanShell Sampler,200,OK,Thread Group 1-61,text,true,,0,0,73,73,null,0,0,0
1542229949214,1129,BeanShell Sampler,200,OK,Thread Group 1-83,text,true,,0,0,73,73,null,0,0,0
1542229949228,1133,BeanShell Sampler,200,OK,Thread Group 1-50,text,true,,0,0,73,73,null,0,0,0
1542229949237,1130,BeanShell Sampler,200,OK,Thread Group 1-94,text,true,,0,0,73,73,null,0,0,0
1542229949267,1130,BeanShell Sampler,200,OK,Thread Group 1-27,text,true,,0,0,73,73,null,0,0,0
1542229949274,1130,BeanShell Sampler,200,OK,Thread Group 1-40,text,true,,0,0,72,72,null,0,0,0
1542229949290,1130,BeanShell Sampler,200,OK,Thread Group 1-73,text,true,,0,0,72,72,null,0,0,0
1542229949298,1129,BeanShell Sampler,200,OK,Thread Group 1-62,text,true,,0,0,72,72,null,0,0,0
1542229949305,1131,BeanShell Sampler,200,OK,Thread Group 1-84,text,true,,0,0,72,72,null,0,0,0
1542229949311,1131,BeanShell Sampler,200,OK,Thread Group 1-29,text,true,,0,0,72,72,null,0,0,0
1542229949325,1132,BeanShell Sampler,200,OK,Thread Group 1-95,text,true,,0,0,71,71,null,0,0,0
1542229949345,1129,BeanShell Sampler,200,OK,Thread Group 1-51,text,true,,0,0,71,71,null,0,0,0
1542229949360,1128,BeanShell Sampler,200,OK,Thread Group 1-30,text,true,,0,0,71,71,null,0,0,0
1542229949377,1149,BeanShell Sampler,200,OK,Thread Group 1-41,text,true,,0,0,70,70,null,0,0,0
1542229949402,1131,BeanShell Sampler,200,OK,Thread Group 1-52,text,true,,0,0,70,70,null,0,0,0
1542229949384,1158,BeanShell Sampler,200,OK,Thread Group 1-74,text,true,,0,0,70,70,null,0,0,0
1542229949391,1157,BeanShell Sampler,200,OK,Thread Group 1-63,text,true,,0,0,70,70,null,0,0,0
1542229949412,1142,BeanShell Sampler,200,OK,Thread Group 1-96,text,true,,0,0,70,70,null,0,0,0
1542229949439,1130,BeanShell Sampler,200,OK,Thread Group 1-85,text,true,,0,0,70,70,null,0,0,0
1542229949445,1130,BeanShell Sampler,200,OK,Thread Group 1-31,text,true,,0,0,70,70,null,0,0,0
1542229949491,1127,BeanShell Sampler,200,OK,Thread Group 1-75,text,true,,0,0,69,69,null,0,0,0
1542229949503,1128,BeanShell Sampler,200,OK,Thread Group 1-64,text,true,,0,0,69,69,null,0,0,0
1542229949510,1127,BeanShell Sampler,200,OK,Thread Group 1-86,text,true,,0,0,69,69,null,0,0,0
1542229949516,1129,BeanShell Sampler,200,OK,Thread Group 1-97,text,true,,0,0,69,69,null,0,0,0
1542229949524,1128,BeanShell Sampler,200,OK,Thread Group 1-42,text,true,,0,0,69,69,null,0,0,0
1542229949531,1128,BeanShell Sampler,200,OK,Thread Group 1-53,text,true,,0,0,69,69,null,0,0,0
1542229949553,1130,BeanShell Sampler,200,OK,Thread Group 1-32,text,true,,0,0,69,69,null,0,0,0
1542229949614,1131,BeanShell Sampler,200,OK,Thread Group 1-65,text,true,,0,0,68,68,null,0,0,0
1542229949621,1132,BeanShell Sampler,200,OK,Thread Group 1-54,text,true,,0,0,68,68,null,0,0,0
1542229949628,1132,BeanShell Sampler,200,OK,Thread Group 1-76,text,true,,0,0,68,68,null,0,0,0
1542229949641,1126,BeanShell Sampler,200,OK,Thread Group 1-43,text,true,,0,0,68,68,null,0,0,0
1542229949635,1139,BeanShell Sampler,200,OK,Thread Group 1-87,text,true,,0,0,68,68,null,0,0,0
1542229949649,1134,BeanShell Sampler,200,OK,Thread Group 1-98,text,true,,0,0,68,68,null,0,0,0
1542229949656,1134,BeanShell Sampler,200,OK,Thread Group 1-33,text,true,,0,0,68,68,null,0,0,0
1542229949696,1128,BeanShell Sampler,200,OK,Thread Group 1-66,text,true,,0,0,67,67,null,0,0,0
1542229949702,1129,BeanShell Sampler,200,OK,Thread Group 1-77,text,true,,0,0,67,67,null,0,0,0
1542229949708,1129,BeanShell Sampler,200,OK,Thread Group 1-88,text,true,,0,0,67,67,null,0,0,0
1542229949716,1128,BeanShell Sampler,200,OK,Thread Group 1-44,text,true,,0,0,67,67,null,0,0,0
1542229949726,1127,BeanShell Sampler,200,OK,Thread Group 1-55,text,true,,0,0,67,67,null,0,0,0
1542229949732,1128,BeanShell Sampler,200,OK,Thread Group 1-99,text,true,,0,0,67,67,null,0,0,0
1542229949750,1128,BeanShell Sampler,200,OK,Thread Group 1-34,text,true,,0,0,67,67,null,0,0,0
1542229949806,1130,BeanShell Sampler,200,OK,Thread Group 1-67,text,true,,0,0,66,66,null,0,0,0
1542229949815,1129,BeanShell Sampler,200,OK,Thread Group 1-78,text,true,,0,0,66,66,null,0,0,0
1542229949822,1128,BeanShell Sampler,200,OK,Thread Group 1-89,text,true,,0,0,66,66,null,0,0,0
1542229949828,1128,BeanShell Sampler,200,OK,Thread Group 1-45,text,true,,0,0,66,66,null,0,0,0
1542229949835,1127,BeanShell Sampler,200,OK,Thread Group 1-56,text,true,,0,0,66,66,null,0,0,0
1542229949843,1127,BeanShell Sampler,200,OK,Thread Group 1-100,text,true,,0,0,66,66,null,0,0,0
1542229949882,1128,BeanShell Sampler,200,OK,Thread Group 1-35,text,true,,0,0,66,66,null,0,0,0
1542229949915,1129,BeanShell Sampler,200,OK,Thread Group 1-57,text,true,,0,0,65,65,null,0,0,0
1542229949922,1129,BeanShell Sampler,200,OK,Thread Group 1-79,text,true,,0,0,65,65,null,0,0,0
1542229949929,1128,BeanShell Sampler,200,OK,Thread Group 1-68,text,true,,0,0,65,65,null,0,0,0
1542229949937,1127,BeanShell Sampler,200,OK,Thread Group 1-46,text,true,,0,0,65,65,null,0,0,0
1542229949965,1125,BeanShell Sampler,200,OK,Thread Group 1-36,text,true,,0,0,65,65,null,0,0,0
1542229950003,1128,BeanShell Sampler,200,OK,Thread Group 1-69,text,true,,0,0,64,64,null,0,0,0
1542229950016,1129,BeanShell Sampler,200,OK,Thread Group 1-80,text,true,,0,0,64,64,null,0,0,0
1542229950027,1139,BeanShell Sampler,200,OK,Thread Group 1-47,text,true,,0,0,64,64,null,0,0,0
1542229950044,1141,BeanShell Sampler,200,OK,Thread Group 1-37,text,true,,0,0,64,64,null,0,0,0
1542229950036,1155,BeanShell Sampler,200,OK,Thread Group 1-58,text,true,,0,0,63,63,null,0,0,0
1542229950051,1146,BeanShell Sampler,200,OK,Thread Group 1-91,text,true,,0,0,63,63,null,0,0,0
1542229950106,1131,BeanShell Sampler,200,OK,Thread Group 1-70,text,true,,0,0,63,63,null,0,0,0
1542229950114,1132,BeanShell Sampler,200,OK,Thread Group 1-48,text,true,,0,0,63,63,null,0,0,0
1542229950122,1131,BeanShell Sampler,200,OK,Thread Group 1-81,text,true,,0,0,63,63,null,0,0,0
1542229950140,1128,BeanShell Sampler,200,OK,Thread Group 1-92,text,true,,0,0,63,63,null,0,0,0
1542229950148,1129,BeanShell Sampler,200,OK,Thread Group 1-59,text,true,,0,0,63,63,null,0,0,0
1542229950172,1129,BeanShell Sampler,200,OK,Thread Group 1-38,text,true,,0,0,63,63,null,0,0,0
1542229950204,1130,BeanShell Sampler,200,OK,Thread Group 1-71,text,true,,0,0,62,62,null,0,0,0
1542229950210,1131,BeanShell Sampler,200,OK,Thread Group 1-82,text,true,,0,0,62,62,null,0,0,0
1542229950219,1129,BeanShell Sampler,200,OK,Thread Group 1-60,text,true,,0,0,62,62,null,0,0,0
1542229950229,1126,BeanShell Sampler,200,OK,Thread Group 1-49,text,true,,0,0,62,62,null,0,0,0
1542229950238,1125,BeanShell Sampler,200,OK,Thread Group 1-93,text,true,,0,0,62,62,null,0,0,0
1542229950265,1127,BeanShell Sampler,200,OK,Thread Group 1-39,text,true,,0,0,62,62,null,0,0,0
1542229950305,1134,BeanShell Sampler,200,OK,Thread Group 1-72,text,true,,0,0,61,61,null,0,0,0
1542229950320,1125,BeanShell Sampler,200,OK,Thread Group 1-61,text,true,,0,0,61,61,null,0,0,0
1542229950344,1129,BeanShell Sampler,200,OK,Thread Group 1-83,text,true,,0,0,61,61,null,0,0,0
1542229950361,1129,BeanShell Sampler,200,OK,Thread Group 1-50,text,true,,0,0,61,61,null,0,0,0
1542229950367,1130,BeanShell Sampler,200,OK,Thread Group 1-94,text,true,,0,0,61,61,null,0,0,0
1542229950404,1129,BeanShell Sampler,200,OK,Thread Group 1-40,text,true,,0,0,61,61,null,0,0,0
1542229950420,1126,BeanShell Sampler,200,OK,Thread Group 1-73,text,true,,0,0,60,60,null,0,0,0
1542229950427,1131,BeanShell Sampler,200,OK,Thread Group 1-62,text,true,,0,0,60,60,null,0,0,0
1542229950436,1129,BeanShell Sampler,200,OK,Thread Group 1-84,text,true,,0,0,60,60,null,0,0,0
1542229950457,1131,BeanShell Sampler,200,OK,Thread Group 1-95,text,true,,0,0,60,60,null,0,0,0
1542229950475,1129,BeanShell Sampler,200,OK,Thread Group 1-51,text,true,,0,0,60,60,null,0,0,0
1542229950526,1132,BeanShell Sampler,200,OK,Thread Group 1-41,text,true,,0,0,60,60,null,0,0,0
1542229950533,1132,BeanShell Sampler,200,OK,Thread Group 1-52,text,true,,0,0,59,59,null,0,0,0
1542229950542,1129,BeanShell Sampler,200,OK,Thread Group 1-74,text,true,,0,0,59,59,null,0,0,0
1542229950548,1131,BeanShell Sampler,200,OK,Thread Group 1-63,text,true,,0,0,59,59,null,0,0,0
1542229950554,1130,BeanShell Sampler,200,OK,Thread Group 1-96,text,true,,0,0,59,59,null,0,0,0
1542229950569,1130,BeanShell Sampler,200,OK,Thread Group 1-85,text,true,,0,0,59,59,null,0,0,0
1542229950618,1129,BeanShell Sampler,200,OK,Thread Group 1-75,text,true,,0,0,59,59,null,0,0,0
1542229950637,1123,BeanShell Sampler,200,OK,Thread Group 1-86,text,true,,0,0,59,59,null,0,0,0
1542229950631,1135,BeanShell Sampler,200,OK,Thread Group 1-64,text,true,,0,0,59,59,null,0,0,0
1542229950645,1128,BeanShell Sampler,200,OK,Thread Group 1-97,text,true,,0,0,59,59,null,0,0,0
1542229950652,1126,BeanShell Sampler,200,OK,Thread Group 1-42,text,true,,0,0,59,59,null,0,0,0
1542229950659,1127,BeanShell Sampler,200,OK,Thread Group 1-53,text,true,,0,0,58,58,null,0,0,0
1542229950745,1131,BeanShell Sampler,200,OK,Thread Group 1-65,text,true,,0,0,58,58,null,0,0,0
1542229950753,1130,BeanShell Sampler,200,OK,Thread Group 1-54,text,true,,0,0,58,58,null,0,0,0
1542229950760,1130,BeanShell Sampler,200,OK,Thread Group 1-76,text,true,,0,0,58,58,null,0,0,0
1542229950767,1129,BeanShell Sampler,200,OK,Thread Group 1-43,text,true,,0,0,58,58,null,0,0,0
1542229950774,1128,BeanShell Sampler,200,OK,Thread Group 1-87,text,true,,0,0,57,57,null,0,0,0
1542229950783,1130,BeanShell Sampler,200,OK,Thread Group 1-98,text,true,,0,0,57,57,null,0,0,0
1542229950824,1131,BeanShell Sampler,200,OK,Thread Group 1-66,text,true,,0,0,57,57,null,0,0,0
1542229950831,1130,BeanShell Sampler,200,OK,Thread Group 1-77,text,true,,0,0,57,57,null,0,0,0
1542229950837,1131,BeanShell Sampler,200,OK,Thread Group 1-88,text,true,,0,0,57,57,null,0,0,0
1542229950844,1130,BeanShell Sampler,200,OK,Thread Group 1-44,text,true,,0,0,57,57,null,0,0,0
1542229950853,1128,BeanShell Sampler,200,OK,Thread Group 1-55,text,true,,0,0,56,56,null,0,0,0
1542229950860,1128,BeanShell Sampler,200,OK,Thread Group 1-99,text,true,,0,0,56,56,null,0,0,0
1542229950936,1133,BeanShell Sampler,200,OK,Thread Group 1-67,text,true,,0,0,56,56,null,0,0,0
1542229950950,1126,BeanShell Sampler,200,OK,Thread Group 1-89,text,true,,0,0,56,56,null,0,0,0
1542229950944,1139,BeanShell Sampler,200,OK,Thread Group 1-78,text,true,,0,0,56,56,null,0,0,0
1542229950963,1126,BeanShell Sampler,200,OK,Thread Group 1-56,text,true,,0,0,56,56,null,0,0,0
1542229950957,1139,BeanShell Sampler,200,OK,Thread Group 1-45,text,true,,0,0,56,56,null,0,0,0
1542229950970,1132,BeanShell Sampler,200,OK,Thread Group 1-100,text,true,,0,0,55,55,null,0,0,0
1542229951044,1131,BeanShell Sampler,200,OK,Thread Group 1-57,text,true,,0,0,55,55,null,0,0,0
1542229951051,1131,BeanShell Sampler,200,OK,Thread Group 1-79,text,true,,0,0,55,55,null,0,0,0
1542229951058,1131,BeanShell Sampler,200,OK,Thread Group 1-68,text,true,,0,0,55,55,null,0,0,0
1542229951064,1132,BeanShell Sampler,200,OK,Thread Group 1-46,text,true,,0,0,55,55,null,0,0,0
1542229951131,1127,BeanShell Sampler,200,OK,Thread Group 1-69,text,true,,0,0,54,54,null,0,0,0
1542229951145,1130,BeanShell Sampler,200,OK,Thread Group 1-80,text,true,,0,0,54,54,null,0,0,0
1542229951166,1139,BeanShell Sampler,200,OK,Thread Group 1-47,text,true,,0,0,54,54,null,0,0,0
1542229951191,1126,BeanShell Sampler,200,OK,Thread Group 1-58,text,true,,0,0,53,53,null,0,0,0
1542229951196,1129,BeanShell Sampler,200,OK,Thread Group 1-91,text,true,,0,0,53,53,null,0,0,0
1542229951236,1129,BeanShell Sampler,200,OK,Thread Group 1-70,text,true,,0,0,53,53,null,0,0,0
1542229951245,1129,BeanShell Sampler,200,OK,Thread Group 1-48,text,true,,0,0,53,53,null,0,0,0
1542229951252,1129,BeanShell Sampler,200,OK,Thread Group 1-81,text,true,,0,0,52,52,null,0,0,0
1542229951267,1126,BeanShell Sampler,200,OK,Thread Group 1-92,text,true,,0,0,52,52,null,0,0,0
1542229951276,1127,BeanShell Sampler,200,OK,Thread Group 1-59,text,true,,0,0,52,52,null,0,0,0
1542229951333,1131,BeanShell Sampler,200,OK,Thread Group 1-71,text,true,,0,0,52,52,null,0,0,0
1542229951340,1131,BeanShell Sampler,200,OK,Thread Group 1-82,text,true,,0,0,52,52,null,0,0,0
1542229951347,1130,BeanShell Sampler,200,OK,Thread Group 1-60,text,true,,0,0,52,52,null,0,0,0
1542229951354,1130,BeanShell Sampler,200,OK,Thread Group 1-49,text,true,,0,0,52,52,null,0,0,0
1542229951362,1129,BeanShell Sampler,200,OK,Thread Group 1-93,text,true,,0,0,51,51,null,0,0,0
1542229951438,1131,BeanShell Sampler,200,OK,Thread Group 1-72,text,true,,0,0,51,51,null,0,0,0
1542229951444,1132,BeanShell Sampler,200,OK,Thread Group 1-61,text,true,,0,0,51,51,null,0,0,0
1542229951472,1130,BeanShell Sampler,200,OK,Thread Group 1-83,text,true,,0,0,51,51,null,0,0,0
1542229951489,1126,BeanShell Sampler,200,OK,Thread Group 1-50,text,true,,0,0,51,51,null,0,0,0
1542229951496,1125,BeanShell Sampler,200,OK,Thread Group 1-94,text,true,,0,0,50,50,null,0,0,0
1542229951545,1133,BeanShell Sampler,200,OK,Thread Group 1-73,text,true,,0,0,50,50,null,0,0,0
1542229951557,1127,BeanShell Sampler,200,OK,Thread Group 1-62,text,true,,0,0,50,50,null,0,0,0
1542229951564,1127,BeanShell Sampler,200,OK,Thread Group 1-84,text,true,,0,0,50,50,null,0,0,0
1542229951587,1129,BeanShell Sampler,200,OK,Thread Group 1-95,text,true,,0,0,50,50,null,0,0,0
1542229951603,1129,BeanShell Sampler,200,OK,Thread Group 1-51,text,true,,0,0,50,50,null,0,0,0
1542229951664,1133,BeanShell Sampler,200,OK,Thread Group 1-52,text,true,,0,0,49,49,null,0,0,0
1542229951670,1134,BeanShell Sampler,200,OK,Thread Group 1-74,text,true,,0,0,48,48,null,0,0,0
1542229951683,1128,BeanShell Sampler,200,OK,Thread Group 1-96,text,true,,0,0,48,48,null,0,0,0
1542229951678,1140,BeanShell Sampler,200,OK,Thread Group 1-63,text,true,,0,0,48,48,null,0,0,0
1542229951698,1137,BeanShell Sampler,200,OK,Thread Group 1-85,text,true,,0,0,48,48,null,0,0,0
1542229951746,1137,BeanShell Sampler,200,OK,Thread Group 1-75,text,true,,0,0,48,48,null,0,0,0
1542229951759,1130,BeanShell Sampler,200,OK,Thread Group 1-86,text,true,,0,0,48,48,null,0,0,0
1542229951765,1131,BeanShell Sampler,200,OK,Thread Group 1-64,text,true,,0,0,48,48,null,0,0,0
1542229951772,1131,BeanShell Sampler,200,OK,Thread Group 1-97,text,true,,0,0,48,48,null,0,0,0
1542229951785,1133,BeanShell Sampler,200,OK,Thread Group 1-53,text,true,,0,0,48,48,null,0,0,0
1542229951875,1132,BeanShell Sampler,200,OK,Thread Group 1-65,text,true,,0,0,47,47,null,0,0,0
1542229951882,1131,BeanShell Sampler,200,OK,Thread Group 1-54,text,true,,0,0,47,47,null,0,0,0
1542229951889,1131,BeanShell Sampler,200,OK,Thread Group 1-76,text,true,,0,0,46,46,null,0,0,0
1542229951901,1130,BeanShell Sampler,200,OK,Thread Group 1-87,text,true,,0,0,46,46,null,0,0,0
1542229951913,1126,BeanShell Sampler,200,OK,Thread Group 1-98,text,true,,0,0,46,46,null,0,0,0
1542229951954,1130,BeanShell Sampler,200,OK,Thread Group 1-66,text,true,,0,0,46,46,null,0,0,0
1542229951960,1133,BeanShell Sampler,200,OK,Thread Group 1-77,text,true,,0,0,46,46,null,0,0,0
1542229951967,1133,BeanShell Sampler,200,OK,Thread Group 1-88,text,true,,0,0,46,46,null,0,0,0
1542229951980,1126,BeanShell Sampler,200,OK,Thread Group 1-55,text,true,,0,0,46,46,null,0,0,0
1542229951987,1127,BeanShell Sampler,200,OK,Thread Group 1-99,text,true,,0,0,45,45,null,0,0,0
1542229952068,1133,BeanShell Sampler,200,OK,Thread Group 1-67,text,true,,0,0,45,45,null,0,0,0
1542229952075,1134,BeanShell Sampler,200,OK,Thread Group 1-89,text,true,,0,0,45,45,null,0,0,0
1542229952082,1133,BeanShell Sampler,200,OK,Thread Group 1-78,text,true,,0,0,45,45,null,0,0,0
1542229952088,1134,BeanShell Sampler,200,OK,Thread Group 1-56,text,true,,0,0,45,45,null,0,0,0
1542229952101,1134,BeanShell Sampler,200,OK,Thread Group 1-100,text,true,,0,0,44,44,null,0,0,0
1542229952174,1129,BeanShell Sampler,200,OK,Thread Group 1-57,text,true,,0,0,44,44,null,0,0,0
1542229952181,1128,BeanShell Sampler,200,OK,Thread Group 1-79,text,true,,0,0,43,43,null,0,0,0
1542229952188,1129,BeanShell Sampler,200,OK,Thread Group 1-68,text,true,,0,0,43,43,null,0,0,0
1542229952257,1129,BeanShell Sampler,200,OK,Thread Group 1-69,text,true,,0,0,43,43,null,0,0,0
1542229952274,1132,BeanShell Sampler,200,OK,Thread Group 1-80,text,true,,0,0,43,43,null,0,0,0
1542229952317,1132,BeanShell Sampler,200,OK,Thread Group 1-58,text,true,,0,0,43,43,null,0,0,0
1542229952325,1130,BeanShell Sampler,200,OK,Thread Group 1-91,text,true,,0,0,42,42,null,0,0,0
1542229952366,1134,BeanShell Sampler,200,OK,Thread Group 1-70,text,true,,0,0,42,42,null,0,0,0
1542229952381,1125,BeanShell Sampler,200,OK,Thread Group 1-81,text,true,,0,0,42,42,null,0,0,0
1542229952394,1132,BeanShell Sampler,200,OK,Thread Group 1-92,text,true,,0,0,42,42,null,0,0,0
1542229952403,1130,BeanShell Sampler,200,OK,Thread Group 1-59,text,true,,0,0,42,42,null,0,0,0
1542229952464,1130,BeanShell Sampler,200,OK,Thread Group 1-71,text,true,,0,0,41,41,null,0,0,0
1542229952471,1130,BeanShell Sampler,200,OK,Thread Group 1-82,text,true,,0,0,41,41,null,0,0,0
1542229952477,1131,BeanShell Sampler,200,OK,Thread Group 1-60,text,true,,0,0,41,41,null,0,0,0
1542229952491,1129,BeanShell Sampler,200,OK,Thread Group 1-93,text,true,,0,0,40,40,null,0,0,0
1542229952569,1131,BeanShell Sampler,200,OK,Thread Group 1-72,text,true,,0,0,40,40,null,0,0,0
1542229952576,1130,BeanShell Sampler,200,OK,Thread Group 1-61,text,true,,0,0,40,40,null,0,0,0
1542229952602,1135,BeanShell Sampler,200,OK,Thread Group 1-83,text,true,,0,0,39,39,null,0,0,0
1542229952621,1134,BeanShell Sampler,200,OK,Thread Group 1-94,text,true,,0,0,39,39,null,0,0,0
1542229952678,1130,BeanShell Sampler,200,OK,Thread Group 1-73,text,true,,0,0,39,39,null,0,0,0
1542229952684,1130,BeanShell Sampler,200,OK,Thread Group 1-62,text,true,,0,0,39,39,null,0,0,0
1542229952691,1131,BeanShell Sampler,200,OK,Thread Group 1-84,text,true,,0,0,38,38,null,0,0,0
1542229952716,1129,BeanShell Sampler,200,OK,Thread Group 1-95,text,true,,0,0,38,38,null,0,0,0
1542229952804,1131,BeanShell Sampler,200,OK,Thread Group 1-74,text,true,,0,0,38,38,null,0,0,0
1542229952811,1132,BeanShell Sampler,200,OK,Thread Group 1-96,text,true,,0,0,38,38,null,0,0,0
1542229952818,1135,BeanShell Sampler,200,OK,Thread Group 1-63,text,true,,0,0,38,38,null,0,0,0
1542229952835,1130,BeanShell Sampler,200,OK,Thread Group 1-85,text,true,,0,0,37,37,null,0,0,0
1542229952883,1137,BeanShell Sampler,200,OK,Thread Group 1-75,text,true,,0,0,37,37,null,0,0,0
1542229952889,1137,BeanShell Sampler,200,OK,Thread Group 1-86,text,true,,0,0,37,37,null,0,0,0
1542229952896,1137,BeanShell Sampler,200,OK,Thread Group 1-64,text,true,,0,0,37,37,null,0,0,0
1542229952903,1137,BeanShell Sampler,200,OK,Thread Group 1-97,text,true,,0,0,36,36,null,0,0,0
1542229953007,1131,BeanShell Sampler,200,OK,Thread Group 1-65,text,true,,0,0,36,36,null,0,0,0
1542229953020,1126,BeanShell Sampler,200,OK,Thread Group 1-76,text,true,,0,0,35,35,null,0,0,0
1542229953031,1129,BeanShell Sampler,200,OK,Thread Group 1-87,text,true,,0,0,35,35,null,0,0,0
1542229953039,1134,BeanShell Sampler,200,OK,Thread Group 1-98,text,true,,0,0,35,35,null,0,0,0
1542229953084,1130,BeanShell Sampler,200,OK,Thread Group 1-66,text,true,,0,0,35,35,null,0,0,0
1542229953093,1128,BeanShell Sampler,200,OK,Thread Group 1-77,text,true,,0,0,34,34,null,0,0,0
1542229953100,1129,BeanShell Sampler,200,OK,Thread Group 1-88,text,true,,0,0,34,34,null,0,0,0
1542229953114,1132,BeanShell Sampler,200,OK,Thread Group 1-99,text,true,,0,0,34,34,null,0,0,0
1542229953201,1130,BeanShell Sampler,200,OK,Thread Group 1-67,text,true,,0,0,34,34,null,0,0,0
1542229953209,1130,BeanShell Sampler,200,OK,Thread Group 1-89,text,true,,0,0,33,33,null,0,0,0
1542229953215,1134,BeanShell Sampler,200,OK,Thread Group 1-78,text,true,,0,0,33,33,null,0,0,0
1542229953235,1123,BeanShell Sampler,200,OK,Thread Group 1-100,text,true,,0,0,33,33,null,0,0,0
1542229953309,1133,BeanShell Sampler,200,OK,Thread Group 1-79,text,true,,0,0,33,33,null,0,0,0
1542229953317,1132,BeanShell Sampler,200,OK,Thread Group 1-68,text,true,,0,0,33,33,null,0,0,0
1542229953386,1128,BeanShell Sampler,200,OK,Thread Group 1-69,text,true,,0,0,32,32,null,0,0,0
1542229953406,1127,BeanShell Sampler,200,OK,Thread Group 1-80,text,true,,0,0,31,31,null,0,0,0
1542229953455,1128,BeanShell Sampler,200,OK,Thread Group 1-91,text,true,,0,0,31,31,null,0,0,0
1542229953500,1131,BeanShell Sampler,200,OK,Thread Group 1-70,text,true,,0,0,31,31,null,0,0,0
1542229953506,1131,BeanShell Sampler,200,OK,Thread Group 1-81,text,true,,0,0,30,30,null,0,0,0
1542229953526,1129,BeanShell Sampler,200,OK,Thread Group 1-92,text,true,,0,0,30,30,null,0,0,0
1542229953594,1130,BeanShell Sampler,200,OK,Thread Group 1-71,text,true,,0,0,30,30,null,0,0,0
1542229953601,1129,BeanShell Sampler,200,OK,Thread Group 1-82,text,true,,0,0,29,29,null,0,0,0
1542229953620,1130,BeanShell Sampler,200,OK,Thread Group 1-93,text,true,,0,0,29,29,null,0,0,0
1542229953700,1132,BeanShell Sampler,200,OK,Thread Group 1-72,text,true,,0,0,29,29,null,0,0,0
1542229953737,1134,BeanShell Sampler,200,OK,Thread Group 1-83,text,true,,0,0,28,28,null,0,0,0
1542229953755,1130,BeanShell Sampler,200,OK,Thread Group 1-94,text,true,,0,0,28,28,null,0,0,0
1542229953808,1131,BeanShell Sampler,200,OK,Thread Group 1-73,text,true,,0,0,28,28,null,0,0,0
1542229953822,1130,BeanShell Sampler,200,OK,Thread Group 1-84,text,true,,0,0,27,27,null,0,0,0
1542229953845,1134,BeanShell Sampler,200,OK,Thread Group 1-95,text,true,,0,0,27,27,null,0,0,0
1542229953935,1131,BeanShell Sampler,200,OK,Thread Group 1-74,text,true,,0,0,27,27,null,0,0,0
1542229953943,1129,BeanShell Sampler,200,OK,Thread Group 1-96,text,true,,0,0,26,26,null,0,0,0
1542229953965,1131,BeanShell Sampler,200,OK,Thread Group 1-85,text,true,,0,0,26,26,null,0,0,0
1542229954020,1132,BeanShell Sampler,200,OK,Thread Group 1-75,text,true,,0,0,26,26,null,0,0,0
1542229954026,1133,BeanShell Sampler,200,OK,Thread Group 1-86,text,true,,0,0,25,25,null,0,0,0
1542229954040,1129,BeanShell Sampler,200,OK,Thread Group 1-97,text,true,,0,0,25,25,null,0,0,0
1542229954146,1126,BeanShell Sampler,200,OK,Thread Group 1-76,text,true,,0,0,25,25,null,0,0,0
1542229954160,1135,BeanShell Sampler,200,OK,Thread Group 1-87,text,true,,0,0,24,24,null,0,0,0
1542229954173,1130,BeanShell Sampler,200,OK,Thread Group 1-98,text,true,,0,0,24,24,null,0,0,0
1542229954221,1129,BeanShell Sampler,200,OK,Thread Group 1-77,text,true,,0,0,24,24,null,0,0,0
1542229954229,1129,BeanShell Sampler,200,OK,Thread Group 1-88,text,true,,0,0,23,23,null,0,0,0
1542229954246,1129,BeanShell Sampler,200,OK,Thread Group 1-99,text,true,,0,0,23,23,null,0,0,0
1542229954339,1131,BeanShell Sampler,200,OK,Thread Group 1-89,text,true,,0,0,23,23,null,0,0,0
1542229954349,1129,BeanShell Sampler,200,OK,Thread Group 1-78,text,true,,0,0,23,23,null,0,0,0
1542229954358,1128,BeanShell Sampler,200,OK,Thread Group 1-100,text,true,,0,0,22,22,null,0,0,0
1542229954442,1132,BeanShell Sampler,200,OK,Thread Group 1-79,text,true,,0,0,22,22,null,0,0,0
1542229954533,1130,BeanShell Sampler,200,OK,Thread Group 1-80,text,true,,0,0,21,21,null,0,0,0
1542229954583,1126,BeanShell Sampler,200,OK,Thread Group 1-91,text,true,,0,0,20,20,null,0,0,0
1542229954637,1132,BeanShell Sampler,200,OK,Thread Group 1-81,text,true,,0,0,20,20,null,0,0,0
1542229954655,1129,BeanShell Sampler,200,OK,Thread Group 1-92,text,true,,0,0,19,19,null,0,0,0
1542229954730,1129,BeanShell Sampler,200,OK,Thread Group 1-82,text,true,,0,0,19,19,null,0,0,0
1542229954750,1131,BeanShell Sampler,200,OK,Thread Group 1-93,text,true,,0,0,18,18,null,0,0,0
1542229954871,1136,BeanShell Sampler,200,OK,Thread Group 1-83,text,true,,0,0,18,18,null,0,0,0
1542229954885,1135,BeanShell Sampler,200,OK,Thread Group 1-94,text,true,,0,0,17,17,null,0,0,0
1542229954952,1132,BeanShell Sampler,200,OK,Thread Group 1-84,text,true,,0,0,17,17,null,0,0,0
1542229954979,1135,BeanShell Sampler,200,OK,Thread Group 1-95,text,true,,0,0,16,16,null,0,0,0
1542229955072,1130,BeanShell Sampler,200,OK,Thread Group 1-96,text,true,,0,0,16,16,null,0,0,0
1542229955096,1131,BeanShell Sampler,200,OK,Thread Group 1-85,text,true,,0,0,16,16,null,0,0,0
1542229955159,1130,BeanShell Sampler,200,OK,Thread Group 1-86,text,true,,0,0,15,15,null,0,0,0
1542229955169,1127,BeanShell Sampler,200,OK,Thread Group 1-97,text,true,,0,0,14,14,null,0,0,0
1542229955295,1133,BeanShell Sampler,200,OK,Thread Group 1-87,text,true,,0,0,14,14,null,0,0,0
1542229955303,1131,BeanShell Sampler,200,OK,Thread Group 1-98,text,true,,0,0,13,13,null,0,0,0
1542229955358,1132,BeanShell Sampler,200,OK,Thread Group 1-88,text,true,,0,0,13,13,null,0,0,0
1542229955375,1131,BeanShell Sampler,200,OK,Thread Group 1-99,text,true,,0,0,12,12,null,0,0,0
1542229955470,1133,BeanShell Sampler,200,OK,Thread Group 1-89,text,true,,0,0,12,12,null,0,0,0
1542229955486,1130,BeanShell Sampler,200,OK,Thread Group 1-100,text,true,,0,0,11,11,null,0,0,0
1542229955709,1133,BeanShell Sampler,200,OK,Thread Group 1-91,text,true,,0,0,11,11,null,0,0,0
1542229955785,1129,BeanShell Sampler,200,OK,Thread Group 1-92,text,true,,0,0,10,10,null,0,0,0
1542229955881,1131,BeanShell Sampler,200,OK,Thread Group 1-93,text,true,,0,0,9,9,null,0,0,0
1542229956020,1132,BeanShell Sampler,200,OK,Thread Group 1-94,text,true,,0,0,8,8,null,0,0,0
1542229956114,1132,BeanShell Sampler,200,OK,Thread Group 1-95,text,true,,0,0,7,7,null,0,0,0
1542229956203,1129,BeanShell Sampler,200,OK,Thread Group 1-96,text,true,,0,0,6,6,null,0,0,0
1542229956297,1130,BeanShell Sampler,200,OK,Thread Group 1-97,text,true,,0,0,5,5,null,0,0,0
1542229956435,1129,BeanShell Sampler,200,OK,Thread Group 1-98,text,true,,0,0,4,4,null,0,0,0
1542229956507,1130,BeanShell Sampler,200,OK,Thread Group 1-99,text,true,,0,0,3,3,null,0,0,0
1542229956617,1131,BeanShell Sampler,200,OK,Thread Group 1-100,text,true,,0,0,2,2,null,0,0,0
1542229946528,21014,BeanShell Sampler,200,OK,Thread Group 1-90,text,true,,0,0,1,1,null,0,0,0
1542229967541,21011,BeanShell Sampler,200,OK,Thread Group 1-90,text,true,,0,0,1,1,null,0,0,0
1542229988553,1131,BeanShell Sampler,200,OK,Thread Group 1-90,text,true,,0,0,1,1,null,0,0,0
1542229989684,1130,BeanShell Sampler,200,OK,Thread Group 1-90,text,true,,0,0,1,1,null,0,0,0
1542229990814,1131,BeanShell Sampler,200,OK,Thread Group 1-90,text,true,,0,0,1,1,null,0,0,0
1542229991945,1132,BeanShell Sampler,200,OK,Thread Group 1-90,text,true,,0,0,1,1,null,0,0,0
1542229993077,1132,BeanShell Sampler,200,OK,Thread Group 1-90,text,true,,0,0,1,1,null,0,0,0
1542229994209,1130,BeanShell Sampler,200,OK,Thread Group 1-90,text,true,,0,0,1,1,null,0,0,0
1542229995339,1136,BeanShell Sampler,200,OK,Thread Group 1-90,text,true,,0,0,1,1,null,0,0,0
